inventory_hostname,inventory_name,ansible_host,macaddress
hamlin-brenda.etsbv.internal,server000.etsbv.internal,10.14.200.90,02:16:3e:56:a0:f6
sicilian-michael.etsbv.internal,server001.etsbv.internal,10.183.84.9,02:16:3e:27:9c:64
oldham-ethel.etsbv.internal,server002.etsbv.internal,10.175.134.46,02:16:3e:6b:96:56
maynard-david.etsbv.internal,server003.etsbv.internal,10.223.68.138,02:16:3e:31:48:7d
matthews-diane.etsbv.internal,server004.etsbv.internal,10.248.19.13,02:16:3e:14:8c:cb
daniels-john.etsbv.internal,server005.etsbv.internal,10.216.233.170,02:16:3e:77:a3:0e
compton-robin.etsbv.internal,server006.etsbv.internal,10.66.30.71,02:16:3e:3f:68:4a
rodriguez-sara.etsbv.internal,server007.etsbv.internal,10.222.250.172,02:16:3e:11:4c:ce
fox-paul.etsbv.internal,server008.etsbv.internal,10.234.241.248,02:16:3e:24:1c:8c
copple-clinton.etsbv.internal,server009.etsbv.internal,10.34.28.40,02:16:3e:06:9a:cd
yang-christopher.etsbv.internal,server0010.etsbv.internal,10.133.210.59,02:16:3e:63:6c:9c
fellows-david.etsbv.internal,server0011.etsbv.internal,10.45.33.85,02:16:3e:6e:02:e2
allison-sheree.etsbv.internal,server0012.etsbv.internal,10.1.244.70,02:16:3e:6a:ff:dd
blow-craig.etsbv.internal,server0013.etsbv.internal,10.46.224.97,02:16:3e:43:18:cb
weaver-john.etsbv.internal,server0014.etsbv.internal,10.162.177.142,02:16:3e:59:bb:6b
smith-martha.etsbv.internal,server0015.etsbv.internal,10.39.74.176,02:16:3e:19:49:b5
white-jeanette.etsbv.internal,server0016.etsbv.internal,10.143.208.149,02:16:3e:5d:cb:73
ethridge-priscilla.etsbv.internal,server0017.etsbv.internal,10.12.5.13,02:16:3e:6e:a0:1f
aldrich-johnny.etsbv.internal,server0018.etsbv.internal,10.150.219.192,02:16:3e:21:b9:15
creed-laura.etsbv.internal,server0019.etsbv.internal,10.104.244.30,02:16:3e:72:81:45
parham-quincy.etsbv.internal,server0020.etsbv.internal,10.131.78.17,02:16:3e:1d:64:f5
sproul-lillian.etsbv.internal,server0021.etsbv.internal,10.82.21.77,02:16:3e:63:bb:50
goss-sanford.etsbv.internal,server0022.etsbv.internal,10.127.252.144,02:16:3e:20:f5:45
brown-jerry.etsbv.internal,server0023.etsbv.internal,10.74.76.127,02:16:3e:7d:0e:b1
hodge-yvonne.etsbv.internal,server0024.etsbv.internal,10.113.69.19,02:16:3e:65:d2:00
frazier-patrick.etsbv.internal,server0025.etsbv.internal,10.122.121.115,02:16:3e:50:e1:6b
kim-aurelia.etsbv.internal,server0026.etsbv.internal,10.123.228.75,02:16:3e:53:6b:d6
shorter-donald.etsbv.internal,server0027.etsbv.internal,10.21.242.199,02:16:3e:73:e9:b9
rodriguez-jeffery.etsbv.internal,server0028.etsbv.internal,10.251.113.152,02:16:3e:04:9c:99
kinney-louis.etsbv.internal,server0029.etsbv.internal,10.139.251.28,02:16:3e:44:a3:56
smith-tara.etsbv.internal,server0030.etsbv.internal,10.3.67.233,02:16:3e:22:73:50
travelstead-alan.etsbv.internal,server0031.etsbv.internal,10.26.109.235,02:16:3e:32:68:34
morgan-michael.etsbv.internal,server0032.etsbv.internal,10.192.16.228,02:16:3e:62:b1:af
matthews-marco.etsbv.internal,server0033.etsbv.internal,10.171.132.40,02:16:3e:38:ba:58
lockwood-david.etsbv.internal,server0034.etsbv.internal,10.105.198.160,02:16:3e:74:49:a5
holland-claudette.etsbv.internal,server0035.etsbv.internal,10.110.203.187,02:16:3e:6d:1f:f2
henderson-howard.etsbv.internal,server0036.etsbv.internal,10.246.157.233,02:16:3e:79:a6:46
brooks-barbara.etsbv.internal,server0037.etsbv.internal,10.198.173.99,02:16:3e:0b:ee:dd
crouch-nellie.etsbv.internal,server0038.etsbv.internal,10.230.225.1,02:16:3e:35:97:5a
digennaro-patricia.etsbv.internal,server0039.etsbv.internal,10.134.192.113,02:16:3e:15:91:06
scally-esperanza.etsbv.internal,server0040.etsbv.internal,10.38.209.222,02:16:3e:62:2d:d2
rodriquez-janice.etsbv.internal,server0041.etsbv.internal,10.117.63.186,02:16:3e:0b:0e:40
pychardo-carmen.etsbv.internal,server0042.etsbv.internal,10.4.218.134,02:16:3e:1b:1f:ce
thelen-john.etsbv.internal,server0043.etsbv.internal,10.105.85.11,02:16:3e:3c:55:72
cochran-cora.etsbv.internal,server0044.etsbv.internal,10.17.158.199,02:16:3e:69:cb:50
chen-jennifer.etsbv.internal,server0045.etsbv.internal,10.44.97.125,02:16:3e:64:ff:54
profit-peter.etsbv.internal,server0046.etsbv.internal,10.148.49.26,02:16:3e:09:24:53
tobe-barbara.etsbv.internal,server0047.etsbv.internal,10.55.152.234,02:16:3e:1f:80:95
klan-elizabeth.etsbv.internal,server0048.etsbv.internal,10.246.232.95,02:16:3e:13:3e:fa
kolesnik-christopher.etsbv.internal,server0049.etsbv.internal,10.132.11.112,02:16:3e:06:be:e2
talavera-mary.etsbv.internal,server0050.etsbv.internal,10.212.33.72,02:16:3e:3b:f1:71
walker-freddy.etsbv.internal,server0051.etsbv.internal,10.50.230.159,02:16:3e:01:eb:95
malone-ida.etsbv.internal,server0052.etsbv.internal,10.169.31.61,02:16:3e:5e:96:c8
siddall-james.etsbv.internal,server0053.etsbv.internal,10.140.162.9,02:16:3e:06:7a:ba
finke-myrtle.etsbv.internal,server0054.etsbv.internal,10.166.181.174,02:16:3e:6b:42:ff
martin-daniel.etsbv.internal,server0055.etsbv.internal,10.130.145.72,02:16:3e:5f:ea:b8
eldridge-jeffery.etsbv.internal,server0056.etsbv.internal,10.221.203.48,02:16:3e:7b:91:27
seagraves-eddie.etsbv.internal,server0057.etsbv.internal,10.144.241.252,02:16:3e:79:24:05
sturges-jerome.etsbv.internal,server0058.etsbv.internal,10.235.93.89,02:16:3e:18:e8:8e
major-betty.etsbv.internal,server0059.etsbv.internal,10.21.126.136,02:16:3e:13:a2:ad
snow-nickolas.etsbv.internal,server0060.etsbv.internal,10.95.133.130,02:16:3e:5e:99:91
tyler-wayne.etsbv.internal,server0061.etsbv.internal,10.19.251.56,02:16:3e:23:c0:89
krebs-lorenzo.etsbv.internal,server0062.etsbv.internal,10.185.125.96,02:16:3e:33:01:f2
bragdon-santos.etsbv.internal,server0063.etsbv.internal,10.36.213.26,02:16:3e:71:f8:c9
reed-nancy.etsbv.internal,server0064.etsbv.internal,10.53.79.186,02:16:3e:22:b4:e1
stark-monty.etsbv.internal,server0065.etsbv.internal,10.187.4.96,02:16:3e:69:6a:b6
phillips-david.etsbv.internal,server0066.etsbv.internal,10.88.207.148,02:16:3e:6f:69:f6
shaw-michael.etsbv.internal,server0067.etsbv.internal,10.245.123.153,02:16:3e:4b:24:de
brown-gladys.etsbv.internal,server0068.etsbv.internal,10.255.254.131,02:16:3e:26:f5:b3
applegate-alfonso.etsbv.internal,server0069.etsbv.internal,10.43.208.203,02:16:3e:12:66:06
mosley-sharon.etsbv.internal,server0070.etsbv.internal,10.115.67.65,02:16:3e:7b:30:2c
groch-billie.etsbv.internal,server0071.etsbv.internal,10.211.214.107,02:16:3e:32:0e:94
salmons-susan.etsbv.internal,server0072.etsbv.internal,10.35.24.70,02:16:3e:06:b6:6a
montague-catherine.etsbv.internal,server0073.etsbv.internal,10.202.36.35,02:16:3e:25:f1:ea
johnson-maria.etsbv.internal,server0074.etsbv.internal,10.53.86.133,02:16:3e:06:39:2f
ballard-george.etsbv.internal,server0075.etsbv.internal,10.209.192.10,02:16:3e:39:fe:d5
collins-jody.etsbv.internal,server0076.etsbv.internal,10.201.169.192,02:16:3e:37:e7:c9
pak-tanya.etsbv.internal,server0077.etsbv.internal,10.72.208.217,02:16:3e:4e:29:b1
mchugh-natalie.etsbv.internal,server0078.etsbv.internal,10.238.19.167,02:16:3e:58:1a:e5
salazar-john.etsbv.internal,server0079.etsbv.internal,10.178.129.91,02:16:3e:48:93:22
trowell-florence.etsbv.internal,server0080.etsbv.internal,10.115.77.146,02:16:3e:17:06:32
hefley-wilma.etsbv.internal,server0081.etsbv.internal,10.111.89.45,02:16:3e:55:ee:bd
whittaker-doris.etsbv.internal,server0082.etsbv.internal,10.48.168.157,02:16:3e:41:33:77
vega-michael.etsbv.internal,server0083.etsbv.internal,10.227.26.165,02:16:3e:1b:78:83
donson-gordon.etsbv.internal,server0084.etsbv.internal,10.164.243.40,02:16:3e:6e:c2:61
feliz-mallory.etsbv.internal,server0085.etsbv.internal,10.179.243.206,02:16:3e:7f:ed:16
smith-michael.etsbv.internal,server0086.etsbv.internal,10.29.6.248,02:16:3e:25:60:d9
friedman-richard.etsbv.internal,server0087.etsbv.internal,10.194.74.176,02:16:3e:25:6b:fe
cremona-jodi.etsbv.internal,server0088.etsbv.internal,10.18.226.125,02:16:3e:24:c3:14
corrigan-david.etsbv.internal,server0089.etsbv.internal,10.79.38.58,02:16:3e:1e:73:20
larsen-mary.etsbv.internal,server0090.etsbv.internal,10.190.106.120,02:16:3e:2a:10:f9
hollister-joan.etsbv.internal,server0091.etsbv.internal,10.164.224.113,02:16:3e:09:ff:46
thompson-david.etsbv.internal,server0092.etsbv.internal,10.186.120.3,02:16:3e:27:13:c4
moore-ellen.etsbv.internal,server0093.etsbv.internal,10.131.62.145,02:16:3e:78:da:4d
mcallister-john.etsbv.internal,server0094.etsbv.internal,10.253.121.134,02:16:3e:61:98:f9
hashimoto-larry.etsbv.internal,server0095.etsbv.internal,10.69.108.203,02:16:3e:2f:28:2a
music-robert.etsbv.internal,server0096.etsbv.internal,10.134.142.113,02:16:3e:2e:6b:94
lippert-sylvia.etsbv.internal,server0097.etsbv.internal,10.80.143.29,02:16:3e:7e:58:5b
swanson-anna.etsbv.internal,server0098.etsbv.internal,10.57.175.183,02:16:3e:7e:ac:a2
llanas-arthur.etsbv.internal,server0099.etsbv.internal,10.251.235.51,02:16:3e:23:f7:23
johnson-bernard.etsbv.internal,server00100.etsbv.internal,10.132.39.24,02:16:3e:2c:c2:9b
hall-rose.etsbv.internal,server00101.etsbv.internal,10.206.232.159,02:16:3e:3f:66:53
ford-pauline.etsbv.internal,server00102.etsbv.internal,10.37.174.170,02:16:3e:60:f2:d7
henderson-kurt.etsbv.internal,server00103.etsbv.internal,10.249.203.67,02:16:3e:36:67:a4
chastain-laura.etsbv.internal,server00104.etsbv.internal,10.174.133.211,02:16:3e:06:b8:c6
melody-grover.etsbv.internal,server00105.etsbv.internal,10.222.210.115,02:16:3e:15:48:76
bastian-wayne.etsbv.internal,server00106.etsbv.internal,10.88.54.112,02:16:3e:10:0e:c6
english-antonio.etsbv.internal,server00107.etsbv.internal,10.211.2.27,02:16:3e:42:8e:5e
godsey-benjamin.etsbv.internal,server00108.etsbv.internal,10.43.223.169,02:16:3e:79:d8:41
leyva-shaina.etsbv.internal,server00109.etsbv.internal,10.224.231.46,02:16:3e:43:a0:4a
molinar-christoper.etsbv.internal,server00110.etsbv.internal,10.51.89.170,02:16:3e:42:59:18
uccio-helen.etsbv.internal,server00111.etsbv.internal,10.23.127.247,02:16:3e:1c:b5:6f
johnson-dennis.etsbv.internal,server00112.etsbv.internal,10.116.205.61,02:16:3e:35:4b:fb
young-betty.etsbv.internal,server00113.etsbv.internal,10.122.243.135,02:16:3e:06:9d:8f
frame-matthew.etsbv.internal,server00114.etsbv.internal,10.17.106.158,02:16:3e:24:e1:6b
thorne-margaret.etsbv.internal,server00115.etsbv.internal,10.200.207.105,02:16:3e:57:90:c2
ferland-dennis.etsbv.internal,server00116.etsbv.internal,10.234.243.173,02:16:3e:37:2a:92
reich-amy.etsbv.internal,server00117.etsbv.internal,10.196.113.232,02:16:3e:3a:f0:98
reese-sylvia.etsbv.internal,server00118.etsbv.internal,10.156.208.227,02:16:3e:24:73:57
peterson-allen.etsbv.internal,server00119.etsbv.internal,10.34.30.171,02:16:3e:4f:cf:45
decker-lawrence.etsbv.internal,server00120.etsbv.internal,10.4.203.169,02:16:3e:02:22:35
kinney-jack.etsbv.internal,server00121.etsbv.internal,10.75.100.192,02:16:3e:2a:2c:16
gregory-peter.etsbv.internal,server00122.etsbv.internal,10.240.247.89,02:16:3e:09:77:1a
schuckert-debra.etsbv.internal,server00123.etsbv.internal,10.15.86.95,02:16:3e:6b:65:68
starks-tammy.etsbv.internal,server00124.etsbv.internal,10.127.226.45,02:16:3e:01:c0:4f
maupin-ida.etsbv.internal,server00125.etsbv.internal,10.227.1.9,02:16:3e:04:98:50
molina-cara.etsbv.internal,server00126.etsbv.internal,10.221.240.238,02:16:3e:34:6b:18
goldman-dennis.etsbv.internal,server00127.etsbv.internal,10.199.90.30,02:16:3e:08:d5:87
moretti-maria.etsbv.internal,server00128.etsbv.internal,10.61.247.99,02:16:3e:63:ca:5b
martinez-linda.etsbv.internal,server00129.etsbv.internal,10.93.46.155,02:16:3e:25:37:c4
nevarez-charles.etsbv.internal,server00130.etsbv.internal,10.100.102.63,02:16:3e:5a:a9:32
rickert-josephine.etsbv.internal,server00131.etsbv.internal,10.187.20.169,02:16:3e:49:a1:79
mackey-charles.etsbv.internal,server00132.etsbv.internal,10.22.204.77,02:16:3e:25:0f:4d
snyder-hazel.etsbv.internal,server00133.etsbv.internal,10.157.233.248,02:16:3e:47:89:15
doctor-mark.etsbv.internal,server00134.etsbv.internal,10.83.9.184,02:16:3e:14:57:cc
wilson-salvatore.etsbv.internal,server00135.etsbv.internal,10.220.115.251,02:16:3e:7d:ad:12
wells-vickie.etsbv.internal,server00136.etsbv.internal,10.83.17.6,02:16:3e:2c:9d:ea
lang-melissa.etsbv.internal,server00137.etsbv.internal,10.83.7.227,02:16:3e:0c:ea:1f
south-john.etsbv.internal,server00138.etsbv.internal,10.216.225.53,02:16:3e:19:5d:63
ortega-jason.etsbv.internal,server00139.etsbv.internal,10.201.58.100,02:16:3e:5c:d8:75
boyle-james.etsbv.internal,server00140.etsbv.internal,10.213.218.68,02:16:3e:27:29:5a
price-jamar.etsbv.internal,server00141.etsbv.internal,10.170.95.9,02:16:3e:7c:9b:f0
szewczyk-michel.etsbv.internal,server00142.etsbv.internal,10.54.215.147,02:16:3e:3b:39:01
barreto-lisa.etsbv.internal,server00143.etsbv.internal,10.107.152.32,02:16:3e:60:9b:00
paredes-george.etsbv.internal,server00144.etsbv.internal,10.4.134.57,02:16:3e:12:4b:31
rice-derrick.etsbv.internal,server00145.etsbv.internal,10.243.234.169,02:16:3e:0c:01:b4
baker-anthony.etsbv.internal,server00146.etsbv.internal,10.81.154.138,02:16:3e:65:34:cf
mcdivitt-james.etsbv.internal,server00147.etsbv.internal,10.176.7.90,02:16:3e:0e:8e:1e
bussard-thomas.etsbv.internal,server00148.etsbv.internal,10.94.29.150,02:16:3e:7f:b0:13
richardson-meredith.etsbv.internal,server00149.etsbv.internal,10.249.87.227,02:16:3e:7f:23:73
johnson-simon.etsbv.internal,server00150.etsbv.internal,10.201.183.93,02:16:3e:26:ab:6b
slone-ken.etsbv.internal,server00151.etsbv.internal,10.1.61.227,02:16:3e:35:d6:92
lord-donna.etsbv.internal,server00152.etsbv.internal,10.164.91.2,02:16:3e:54:42:e0
root-beverly.etsbv.internal,server00153.etsbv.internal,10.35.110.115,02:16:3e:38:2b:e2
mccommons-carlo.etsbv.internal,server00154.etsbv.internal,10.208.50.150,02:16:3e:38:35:e1
hearon-grace.etsbv.internal,server00155.etsbv.internal,10.125.214.124,02:16:3e:19:c7:d5
brooks-joseph.etsbv.internal,server00156.etsbv.internal,10.113.179.225,02:16:3e:63:0f:73
robinson-bessie.etsbv.internal,server00157.etsbv.internal,10.47.121.81,02:16:3e:55:a2:10
fuller-margaret.etsbv.internal,server00158.etsbv.internal,10.198.149.113,02:16:3e:2c:f1:c5
marshall-andrew.etsbv.internal,server00159.etsbv.internal,10.192.141.50,02:16:3e:0a:21:ba
calo-marc.etsbv.internal,server00160.etsbv.internal,10.50.85.4,02:16:3e:31:9c:49
moskowitz-roger.etsbv.internal,server00161.etsbv.internal,10.132.29.9,02:16:3e:03:90:80
mcwilliams-ricky.etsbv.internal,server00162.etsbv.internal,10.186.16.70,02:16:3e:4e:10:f4
fitzgerald-beverly.etsbv.internal,server00163.etsbv.internal,10.214.197.143,02:16:3e:0d:1f:1d
thrasher-margery.etsbv.internal,server00164.etsbv.internal,10.249.42.20,02:16:3e:12:88:f1
gaston-cathy.etsbv.internal,server00165.etsbv.internal,10.231.211.219,02:16:3e:41:e7:3e
auvil-craig.etsbv.internal,server00166.etsbv.internal,10.50.63.221,02:16:3e:53:59:1d
tatro-linda.etsbv.internal,server00167.etsbv.internal,10.21.30.161,02:16:3e:72:c0:88
cook-jeffery.etsbv.internal,server00168.etsbv.internal,10.85.99.212,02:16:3e:58:82:96
lunsford-adolfo.etsbv.internal,server00169.etsbv.internal,10.224.132.130,02:16:3e:39:74:e5
striplin-paula.etsbv.internal,server00170.etsbv.internal,10.140.47.190,02:16:3e:76:31:2b
hodges-william.etsbv.internal,server00171.etsbv.internal,10.54.223.202,02:16:3e:45:7e:59
vital-angela.etsbv.internal,server00172.etsbv.internal,10.223.18.193,02:16:3e:42:12:25
thompson-cheryl.etsbv.internal,server00173.etsbv.internal,10.231.16.110,02:16:3e:53:36:6e
roberts-carl.etsbv.internal,server00174.etsbv.internal,10.240.33.50,02:16:3e:68:ac:02
wilson-marcus.etsbv.internal,server00175.etsbv.internal,10.34.147.162,02:16:3e:7e:23:c7
elder-pedro.etsbv.internal,server00176.etsbv.internal,10.54.198.156,02:16:3e:0c:92:bb
glatt-willie.etsbv.internal,server00177.etsbv.internal,10.178.7.113,02:16:3e:32:0a:83
watlington-shawn.etsbv.internal,server00178.etsbv.internal,10.221.149.40,02:16:3e:05:31:5e
mclean-leo.etsbv.internal,server00179.etsbv.internal,10.219.124.211,02:16:3e:53:b6:2c
oseguera-gladys.etsbv.internal,server00180.etsbv.internal,10.253.54.144,02:16:3e:4b:48:7d
sprague-frank.etsbv.internal,server00181.etsbv.internal,10.83.139.101,02:16:3e:1f:e7:d2
kaufman-ivan.etsbv.internal,server00182.etsbv.internal,10.21.217.193,02:16:3e:5f:9e:5e
worthington-nicolasa.etsbv.internal,server00183.etsbv.internal,10.207.202.182,02:16:3e:42:9f:6c
arzu-donna.etsbv.internal,server00184.etsbv.internal,10.116.26.15,02:16:3e:1e:e4:d3
strickland-jim.etsbv.internal,server00185.etsbv.internal,10.211.147.36,02:16:3e:64:c1:d2
bourne-cleo.etsbv.internal,server00186.etsbv.internal,10.136.229.184,02:16:3e:1f:f1:2c
anthony-anna.etsbv.internal,server00187.etsbv.internal,10.249.38.102,02:16:3e:59:be:05
kirkpatrick-erin.etsbv.internal,server00188.etsbv.internal,10.28.26.91,02:16:3e:29:f1:08
lawrence-robert.etsbv.internal,server00189.etsbv.internal,10.193.47.25,02:16:3e:38:80:6f
escobar-larry.etsbv.internal,server00190.etsbv.internal,10.54.205.10,02:16:3e:28:96:0e
salazar-dorothy.etsbv.internal,server00191.etsbv.internal,10.235.172.153,02:16:3e:63:4f:97
robinson-cynthia.etsbv.internal,server00192.etsbv.internal,10.96.72.136,02:16:3e:5a:2b:75
roman-sandra.etsbv.internal,server00193.etsbv.internal,10.126.91.152,02:16:3e:1c:a1:eb
godwin-valerie.etsbv.internal,server00194.etsbv.internal,10.248.215.6,02:16:3e:40:97:c7
padilla-xavier.etsbv.internal,server00195.etsbv.internal,10.230.254.223,02:16:3e:48:b9:47
smith-royce.etsbv.internal,server00196.etsbv.internal,10.134.36.195,02:16:3e:75:d4:e1
lucas-bryant.etsbv.internal,server00197.etsbv.internal,10.151.190.77,02:16:3e:6e:ba:17
butler-christopher.etsbv.internal,server00198.etsbv.internal,10.187.73.61,02:16:3e:6b:5f:80
pollard-lisa.etsbv.internal,server00199.etsbv.internal,10.87.136.18,02:16:3e:7e:3c:a0
house-kevin.etsbv.internal,server00200.etsbv.internal,10.217.72.70,02:16:3e:50:11:a6
best-robert.etsbv.internal,server00201.etsbv.internal,10.164.166.91,02:16:3e:2e:ff:07
lentz-troy.etsbv.internal,server00202.etsbv.internal,10.249.48.51,02:16:3e:66:92:d0
florence-cheryl.etsbv.internal,server00203.etsbv.internal,10.21.224.57,02:16:3e:28:89:91
porter-cindy.etsbv.internal,server00204.etsbv.internal,10.31.117.192,02:16:3e:39:8e:62
lauderdale-john.etsbv.internal,server00205.etsbv.internal,10.33.212.29,02:16:3e:4a:7a:09
schreiber-keith.etsbv.internal,server00206.etsbv.internal,10.210.55.20,02:16:3e:7c:56:c7
culp-betty.etsbv.internal,server00207.etsbv.internal,10.111.187.254,02:16:3e:34:9e:0d
warren-doris.etsbv.internal,server00208.etsbv.internal,10.150.112.58,02:16:3e:5a:30:82
murray-karen.etsbv.internal,server00209.etsbv.internal,10.134.143.203,02:16:3e:49:f7:89
east-daniel.etsbv.internal,server00210.etsbv.internal,10.55.121.98,02:16:3e:47:29:78
pearson-james.etsbv.internal,server00211.etsbv.internal,10.49.140.116,02:16:3e:7b:63:8a
milian-evelyn.etsbv.internal,server00212.etsbv.internal,10.218.211.147,02:16:3e:46:22:14
gatlin-felicia.etsbv.internal,server00213.etsbv.internal,10.231.86.199,02:16:3e:17:40:e0
johnson-glenn.etsbv.internal,server00214.etsbv.internal,10.1.48.161,02:16:3e:3a:ae:7f
pretty-katie.etsbv.internal,server00215.etsbv.internal,10.214.247.230,02:16:3e:13:0b:87
corley-james.etsbv.internal,server00216.etsbv.internal,10.220.103.45,02:16:3e:79:a9:28
schorn-james.etsbv.internal,server00217.etsbv.internal,10.134.137.21,02:16:3e:36:60:10
jenkins-petra.etsbv.internal,server00218.etsbv.internal,10.59.108.72,02:16:3e:17:79:64
mendoza-james.etsbv.internal,server00219.etsbv.internal,10.198.241.134,02:16:3e:5a:ef:82
green-jordan.etsbv.internal,server00220.etsbv.internal,10.95.152.198,02:16:3e:71:be:0a
lando-nancy.etsbv.internal,server00221.etsbv.internal,10.112.187.53,02:16:3e:1e:e9:db
miller-carri.etsbv.internal,server00222.etsbv.internal,10.73.125.29,02:16:3e:53:3f:12
kruse-polly.etsbv.internal,server00223.etsbv.internal,10.178.67.150,02:16:3e:77:ff:1b
hoye-pansy.etsbv.internal,server00224.etsbv.internal,10.224.23.77,02:16:3e:0c:09:65
kerce-marlene.etsbv.internal,server00225.etsbv.internal,10.198.210.172,02:16:3e:39:fd:ed
ball-felicita.etsbv.internal,server00226.etsbv.internal,10.179.245.174,02:16:3e:4e:0a:18
ford-eric.etsbv.internal,server00227.etsbv.internal,10.49.77.107,02:16:3e:3c:cb:76
gurley-charlotte.etsbv.internal,server00228.etsbv.internal,10.216.60.183,02:16:3e:4d:87:1f
oliveri-jenny.etsbv.internal,server00229.etsbv.internal,10.46.207.216,02:16:3e:63:7b:bb
farnsworth-irene.etsbv.internal,server00230.etsbv.internal,10.248.91.1,02:16:3e:68:f2:78
tallie-brandon.etsbv.internal,server00231.etsbv.internal,10.81.185.157,02:16:3e:56:f4:59
morales-lynette.etsbv.internal,server00232.etsbv.internal,10.136.92.50,02:16:3e:02:4b:64
moore-carolyn.etsbv.internal,server00233.etsbv.internal,10.27.66.162,02:16:3e:2b:d0:d6
fisher-walter.etsbv.internal,server00234.etsbv.internal,10.169.211.157,02:16:3e:39:d1:5f
parker-mildred.etsbv.internal,server00235.etsbv.internal,10.62.239.118,02:16:3e:33:97:35
browning-carol.etsbv.internal,server00236.etsbv.internal,10.17.52.18,02:16:3e:0f:ac:c2
tutt-isaiah.etsbv.internal,server00237.etsbv.internal,10.84.29.10,02:16:3e:17:c2:0d
fisher-monte.etsbv.internal,server00238.etsbv.internal,10.232.158.200,02:16:3e:1c:c7:35
strait-jacqueline.etsbv.internal,server00239.etsbv.internal,10.4.204.85,02:16:3e:7d:dc:e9
hermanson-mandy.etsbv.internal,server00240.etsbv.internal,10.28.37.88,02:16:3e:32:8e:c0
montelongo-dorothea.etsbv.internal,server00241.etsbv.internal,10.31.63.165,02:16:3e:4c:9d:3c
sears-timothy.etsbv.internal,server00242.etsbv.internal,10.54.36.146,02:16:3e:16:8d:67
barette-patrica.etsbv.internal,server00243.etsbv.internal,10.200.194.246,02:16:3e:14:fc:a8
beard-jan.etsbv.internal,server00244.etsbv.internal,10.106.24.66,02:16:3e:0d:b9:67
hilliard-mariano.etsbv.internal,server00245.etsbv.internal,10.90.101.72,02:16:3e:22:5b:f4
myers-lamar.etsbv.internal,server00246.etsbv.internal,10.31.48.198,02:16:3e:69:a9:51
noakes-chris.etsbv.internal,server00247.etsbv.internal,10.63.215.203,02:16:3e:47:e0:2e
cook-edythe.etsbv.internal,server00248.etsbv.internal,10.110.61.243,02:16:3e:17:e0:c3
peterman-jessie.etsbv.internal,server00249.etsbv.internal,10.210.206.153,02:16:3e:5f:d7:53
jacobsen-pauline.etsbv.internal,server00250.etsbv.internal,10.72.148.53,02:16:3e:0f:2d:d7
archer-boyd.etsbv.internal,server00251.etsbv.internal,10.169.66.131,02:16:3e:01:da:86
phillips-nathan.etsbv.internal,server00252.etsbv.internal,10.238.205.81,02:16:3e:54:b7:0e
estrada-charles.etsbv.internal,server00253.etsbv.internal,10.21.99.9,02:16:3e:41:7b:07
sinha-betsy.etsbv.internal,server00254.etsbv.internal,10.148.59.54,02:16:3e:74:cc:62
mcelroy-ruby.etsbv.internal,server00255.etsbv.internal,10.66.126.18,02:16:3e:1a:e6:07
weakland-robert.etsbv.internal,server00256.etsbv.internal,10.237.47.112,02:16:3e:4f:04:26
boren-paul.etsbv.internal,server00257.etsbv.internal,10.166.203.72,02:16:3e:66:05:64
keitt-beth.etsbv.internal,server00258.etsbv.internal,10.110.110.117,02:16:3e:27:e1:47
medina-wilma.etsbv.internal,server00259.etsbv.internal,10.122.215.67,02:16:3e:51:b7:f7
wells-laurence.etsbv.internal,server00260.etsbv.internal,10.166.160.212,02:16:3e:01:51:de
bailey-rosella.etsbv.internal,server00261.etsbv.internal,10.114.199.38,02:16:3e:3f:71:14
perez-judy.etsbv.internal,server00262.etsbv.internal,10.49.121.199,02:16:3e:0c:34:49
moreno-john.etsbv.internal,server00263.etsbv.internal,10.126.86.79,02:16:3e:34:45:85
fouche-david.etsbv.internal,server00264.etsbv.internal,10.23.132.250,02:16:3e:56:fd:f5
rall-paul.etsbv.internal,server00265.etsbv.internal,10.165.194.121,02:16:3e:5d:f8:7d
peterson-robbie.etsbv.internal,server00266.etsbv.internal,10.225.18.208,02:16:3e:17:b1:37
weeks-berniece.etsbv.internal,server00267.etsbv.internal,10.152.82.231,02:16:3e:34:a0:8a
rasmusson-darryl.etsbv.internal,server00268.etsbv.internal,10.126.192.220,02:16:3e:08:84:dd
griffin-irma.etsbv.internal,server00269.etsbv.internal,10.170.250.33,02:16:3e:12:32:9a
jeter-scott.etsbv.internal,server00270.etsbv.internal,10.151.247.71,02:16:3e:6a:db:e9
brown-brenda.etsbv.internal,server00271.etsbv.internal,10.247.149.252,02:16:3e:05:a5:4c
yates-lynette.etsbv.internal,server00272.etsbv.internal,10.143.5.39,02:16:3e:7e:4a:6d
tweed-dante.etsbv.internal,server00273.etsbv.internal,10.2.148.68,02:16:3e:3d:8a:63
quinn-william.etsbv.internal,server00274.etsbv.internal,10.95.153.116,02:16:3e:56:cf:af
sims-tony.etsbv.internal,server00275.etsbv.internal,10.84.179.195,02:16:3e:36:bc:9f
gossett-gregory.etsbv.internal,server00276.etsbv.internal,10.182.181.78,02:16:3e:7c:11:70
crouse-ashlee.etsbv.internal,server00277.etsbv.internal,10.243.16.253,02:16:3e:0a:43:65
tenorio-james.etsbv.internal,server00278.etsbv.internal,10.154.6.252,02:16:3e:5b:03:4e
spivey-leslie.etsbv.internal,server00279.etsbv.internal,10.21.232.137,02:16:3e:3c:08:67
large-florence.etsbv.internal,server00280.etsbv.internal,10.77.121.6,02:16:3e:7c:0d:56
birge-robert.etsbv.internal,server00281.etsbv.internal,10.196.32.90,02:16:3e:10:25:d8
edson-william.etsbv.internal,server00282.etsbv.internal,10.3.243.29,02:16:3e:30:fb:65
hogan-mike.etsbv.internal,server00283.etsbv.internal,10.133.223.118,02:16:3e:25:0c:9c
hudson-vito.etsbv.internal,server00284.etsbv.internal,10.28.165.82,02:16:3e:1e:6f:62
bartkowski-jose.etsbv.internal,server00285.etsbv.internal,10.198.31.170,02:16:3e:7f:85:b3
hopson-danielle.etsbv.internal,server00286.etsbv.internal,10.48.110.128,02:16:3e:6f:4d:05
davis-jeana.etsbv.internal,server00287.etsbv.internal,10.128.247.56,02:16:3e:57:af:0e
tomsic-tabitha.etsbv.internal,server00288.etsbv.internal,10.91.51.35,02:16:3e:7d:ef:f3
charlton-kirby.etsbv.internal,server00289.etsbv.internal,10.121.124.211,02:16:3e:06:87:22
ferguson-alonzo.etsbv.internal,server00290.etsbv.internal,10.120.64.101,02:16:3e:6c:79:cf
davis-jimmie.etsbv.internal,server00291.etsbv.internal,10.183.115.235,02:16:3e:01:af:3c
brady-hilary.etsbv.internal,server00292.etsbv.internal,10.158.196.0,02:16:3e:6b:a2:d0
carter-woodrow.etsbv.internal,server00293.etsbv.internal,10.7.107.180,02:16:3e:4e:7d:73
harper-ernesto.etsbv.internal,server00294.etsbv.internal,10.253.124.63,02:16:3e:3a:bf:94
price-eric.etsbv.internal,server00295.etsbv.internal,10.57.4.124,02:16:3e:20:22:11
wilson-sean.etsbv.internal,server00296.etsbv.internal,10.75.129.14,02:16:3e:0b:33:96
matthews-michael.etsbv.internal,server00297.etsbv.internal,10.57.52.233,02:16:3e:1d:2b:89
moore-thomas.etsbv.internal,server00298.etsbv.internal,10.0.35.86,02:16:3e:5d:f5:d3
bardwell-lula.etsbv.internal,server00299.etsbv.internal,10.59.43.19,02:16:3e:05:f8:a1
walker-eddie.etsbv.internal,server00300.etsbv.internal,10.101.121.138,02:16:3e:55:88:38
halcomb-nelson.etsbv.internal,server00301.etsbv.internal,10.85.106.84,02:16:3e:1f:40:22
turner-fletcher.etsbv.internal,server00302.etsbv.internal,10.79.10.70,02:16:3e:74:26:3b
pompi-richard.etsbv.internal,server00303.etsbv.internal,10.203.10.59,02:16:3e:7a:e7:ae
sellers-odell.etsbv.internal,server00304.etsbv.internal,10.177.80.172,02:16:3e:08:27:a1
gomer-efren.etsbv.internal,server00305.etsbv.internal,10.13.177.222,02:16:3e:31:79:48
shannon-april.etsbv.internal,server00306.etsbv.internal,10.13.5.8,02:16:3e:56:60:8f
dobson-dale.etsbv.internal,server00307.etsbv.internal,10.162.179.70,02:16:3e:5e:bd:a4
hsieh-kevin.etsbv.internal,server00308.etsbv.internal,10.122.130.139,02:16:3e:45:1a:24
gonzalez-nellie.etsbv.internal,server00309.etsbv.internal,10.101.17.96,02:16:3e:73:74:89
maher-raymond.etsbv.internal,server00310.etsbv.internal,10.175.194.139,02:16:3e:3a:2e:27
salgado-grace.etsbv.internal,server00311.etsbv.internal,10.138.167.41,02:16:3e:2e:5a:59
whicker-caitlin.etsbv.internal,server00312.etsbv.internal,10.122.210.52,02:16:3e:62:0f:d8
vasquez-alicia.etsbv.internal,server00313.etsbv.internal,10.233.109.107,02:16:3e:6b:fd:16
vanhouten-diane.etsbv.internal,server00314.etsbv.internal,10.68.201.179,02:16:3e:19:cc:32
eaker-lance.etsbv.internal,server00315.etsbv.internal,10.125.186.101,02:16:3e:62:db:6a
reiss-irene.etsbv.internal,server00316.etsbv.internal,10.98.128.34,02:16:3e:5e:39:b1
lyons-kenneth.etsbv.internal,server00317.etsbv.internal,10.32.34.61,02:16:3e:6b:dc:54
royster-lily.etsbv.internal,server00318.etsbv.internal,10.149.223.0,02:16:3e:3e:77:08
madden-john.etsbv.internal,server00319.etsbv.internal,10.78.173.168,02:16:3e:51:6d:a3
griffin-amanda.etsbv.internal,server00320.etsbv.internal,10.51.33.249,02:16:3e:1e:44:15
jones-eddie.etsbv.internal,server00321.etsbv.internal,10.161.45.26,02:16:3e:53:af:64
beebe-casey.etsbv.internal,server00322.etsbv.internal,10.240.147.113,02:16:3e:0c:c8:2c
tranter-john.etsbv.internal,server00323.etsbv.internal,10.128.90.74,02:16:3e:5d:07:91
anderson-pamela.etsbv.internal,server00324.etsbv.internal,10.215.47.240,02:16:3e:28:63:fe
wilson-kara.etsbv.internal,server00325.etsbv.internal,10.82.151.237,02:16:3e:43:14:58
doe-ginny.etsbv.internal,server00326.etsbv.internal,10.191.215.84,02:16:3e:08:7e:32
anderson-robert.etsbv.internal,server00327.etsbv.internal,10.16.155.150,02:16:3e:19:98:d0
midgett-tony.etsbv.internal,server00328.etsbv.internal,10.226.33.46,02:16:3e:7b:16:e5
divine-frances.etsbv.internal,server00329.etsbv.internal,10.146.254.169,02:16:3e:55:9c:79
medina-christi.etsbv.internal,server00330.etsbv.internal,10.49.143.221,02:16:3e:6a:83:5d
smith-lucy.etsbv.internal,server00331.etsbv.internal,10.101.159.213,02:16:3e:6c:32:dd
mcintyre-christopher.etsbv.internal,server00332.etsbv.internal,10.248.34.5,02:16:3e:29:36:cf
carter-melvin.etsbv.internal,server00333.etsbv.internal,10.177.7.101,02:16:3e:24:9a:b2
fowler-marilyn.etsbv.internal,server00334.etsbv.internal,10.251.91.205,02:16:3e:0c:05:72
fuller-cheyenne.etsbv.internal,server00335.etsbv.internal,10.197.236.44,02:16:3e:7d:bb:06
trejo-melissa.etsbv.internal,server00336.etsbv.internal,10.216.171.14,02:16:3e:47:a1:91
vasquez-frank.etsbv.internal,server00337.etsbv.internal,10.128.171.50,02:16:3e:26:a8:f0
ruth-luvenia.etsbv.internal,server00338.etsbv.internal,10.22.69.246,02:16:3e:5e:9e:e9
wallace-lucille.etsbv.internal,server00339.etsbv.internal,10.175.65.58,02:16:3e:73:9b:e8
maldonado-edward.etsbv.internal,server00340.etsbv.internal,10.224.158.135,02:16:3e:62:48:aa
coleman-gina.etsbv.internal,server00341.etsbv.internal,10.146.116.29,02:16:3e:16:59:5b
mccloud-mark.etsbv.internal,server00342.etsbv.internal,10.4.245.131,02:16:3e:18:69:72
solarzano-vilma.etsbv.internal,server00343.etsbv.internal,10.211.138.103,02:16:3e:1a:45:20
desilva-dianne.etsbv.internal,server00344.etsbv.internal,10.93.82.226,02:16:3e:77:4e:fb
davenport-doreen.etsbv.internal,server00345.etsbv.internal,10.47.45.220,02:16:3e:60:ab:3c
favuzza-larry.etsbv.internal,server00346.etsbv.internal,10.161.239.212,02:16:3e:47:f4:52
brown-christi.etsbv.internal,server00347.etsbv.internal,10.33.230.13,02:16:3e:11:ec:90
giusti-jesus.etsbv.internal,server00348.etsbv.internal,10.52.185.91,02:16:3e:19:07:4b
hamilton-maurice.etsbv.internal,server00349.etsbv.internal,10.136.200.21,02:16:3e:58:2b:96
boese-alicia.etsbv.internal,server00350.etsbv.internal,10.26.175.249,02:16:3e:67:23:63
martin-alice.etsbv.internal,server00351.etsbv.internal,10.47.248.20,02:16:3e:24:ef:d6
richards-frances.etsbv.internal,server00352.etsbv.internal,10.221.28.56,02:16:3e:37:99:e1
lui-fannie.etsbv.internal,server00353.etsbv.internal,10.106.251.111,02:16:3e:48:32:d5
galloway-eugene.etsbv.internal,server00354.etsbv.internal,10.74.119.105,02:16:3e:18:02:ad
blythe-melissa.etsbv.internal,server00355.etsbv.internal,10.243.168.164,02:16:3e:28:17:b8
shepard-craig.etsbv.internal,server00356.etsbv.internal,10.144.108.77,02:16:3e:41:c0:f7
salazar-deborah.etsbv.internal,server00357.etsbv.internal,10.98.173.34,02:16:3e:08:8a:e1
merritt-linda.etsbv.internal,server00358.etsbv.internal,10.66.63.190,02:16:3e:7f:64:89
rooker-dorothy.etsbv.internal,server00359.etsbv.internal,10.12.13.203,02:16:3e:3b:1b:84
elumbaugh-michael.etsbv.internal,server00360.etsbv.internal,10.124.44.225,02:16:3e:42:8c:c4
hunt-amanda.etsbv.internal,server00361.etsbv.internal,10.47.164.250,02:16:3e:0c:84:c6
liles-philip.etsbv.internal,server00362.etsbv.internal,10.120.54.121,02:16:3e:4e:f3:3d
walters-ashley.etsbv.internal,server00363.etsbv.internal,10.14.109.90,02:16:3e:52:80:1b
larson-craig.etsbv.internal,server00364.etsbv.internal,10.8.93.45,02:16:3e:6d:08:dd
mink-jacquelyn.etsbv.internal,server00365.etsbv.internal,10.93.23.35,02:16:3e:64:be:d8
biggs-william.etsbv.internal,server00366.etsbv.internal,10.121.223.166,02:16:3e:04:d2:02
gaskins-david.etsbv.internal,server00367.etsbv.internal,10.165.39.246,02:16:3e:4c:03:14
oliver-betty.etsbv.internal,server00368.etsbv.internal,10.141.208.253,02:16:3e:37:01:e7
thompson-jimmy.etsbv.internal,server00369.etsbv.internal,10.68.155.209,02:16:3e:3d:40:bb
bevan-leroy.etsbv.internal,server00370.etsbv.internal,10.107.119.70,02:16:3e:0e:54:69
simmons-jason.etsbv.internal,server00371.etsbv.internal,10.62.230.139,02:16:3e:26:a3:4b
sexton-mark.etsbv.internal,server00372.etsbv.internal,10.3.33.45,02:16:3e:6a:7c:9e
allen-laurie.etsbv.internal,server00373.etsbv.internal,10.5.18.154,02:16:3e:06:3a:bc
cruz-michael.etsbv.internal,server00374.etsbv.internal,10.139.196.138,02:16:3e:09:a9:64
davenport-marie.etsbv.internal,server00375.etsbv.internal,10.120.72.66,02:16:3e:29:7f:14
branson-mari.etsbv.internal,server00376.etsbv.internal,10.168.174.197,02:16:3e:65:ca:b6
roberts-terrence.etsbv.internal,server00377.etsbv.internal,10.212.245.186,02:16:3e:28:e8:1c
wolford-marjorie.etsbv.internal,server00378.etsbv.internal,10.166.112.137,02:16:3e:5f:82:dc
frazier-donna.etsbv.internal,server00379.etsbv.internal,10.96.129.7,02:16:3e:2c:1e:11
wilmoth-vicky.etsbv.internal,server00380.etsbv.internal,10.120.196.56,02:16:3e:1b:84:4d
cain-rosalina.etsbv.internal,server00381.etsbv.internal,10.127.136.245,02:16:3e:06:25:9f
jacobs-shelley.etsbv.internal,server00382.etsbv.internal,10.223.255.177,02:16:3e:2b:99:9d
zelinsky-pauline.etsbv.internal,server00383.etsbv.internal,10.156.194.80,02:16:3e:45:a1:98
zimmerman-lisa.etsbv.internal,server00384.etsbv.internal,10.197.136.100,02:16:3e:2a:e7:21
henderson-deborah.etsbv.internal,server00385.etsbv.internal,10.177.220.33,02:16:3e:0c:5c:d3
anderson-karen.etsbv.internal,server00386.etsbv.internal,10.250.57.102,02:16:3e:78:b4:39
allison-george.etsbv.internal,server00387.etsbv.internal,10.118.141.44,02:16:3e:52:86:28
baker-dorothy.etsbv.internal,server00388.etsbv.internal,10.40.204.109,02:16:3e:41:3d:c4
holstein-joel.etsbv.internal,server00389.etsbv.internal,10.89.50.236,02:16:3e:7b:31:ac
johnson-gary.etsbv.internal,server00390.etsbv.internal,10.196.46.227,02:16:3e:4f:42:41
dutton-sook.etsbv.internal,server00391.etsbv.internal,10.130.165.227,02:16:3e:24:f5:ba
sosa-helen.etsbv.internal,server00392.etsbv.internal,10.181.97.93,02:16:3e:64:13:ec
cleland-elbert.etsbv.internal,server00393.etsbv.internal,10.216.194.88,02:16:3e:1c:1f:b4
baumberger-bruce.etsbv.internal,server00394.etsbv.internal,10.113.62.209,02:16:3e:00:1c:97
richardson-carl.etsbv.internal,server00395.etsbv.internal,10.178.60.254,02:16:3e:04:ce:3c
fiorentino-charles.etsbv.internal,server00396.etsbv.internal,10.63.3.206,02:16:3e:13:8c:32
busch-william.etsbv.internal,server00397.etsbv.internal,10.210.30.102,02:16:3e:51:6e:74
herzog-joe.etsbv.internal,server00398.etsbv.internal,10.248.204.86,02:16:3e:3c:3f:54
garbacz-michael.etsbv.internal,server00399.etsbv.internal,10.156.75.15,02:16:3e:7d:49:d9
augusto-leola.etsbv.internal,server00400.etsbv.internal,10.210.8.81,02:16:3e:03:2f:78
parrett-daniel.etsbv.internal,server00401.etsbv.internal,10.209.128.179,02:16:3e:40:76:10
steele-john.etsbv.internal,server00402.etsbv.internal,10.119.0.234,02:16:3e:5c:9f:92
tuenge-ronald.etsbv.internal,server00403.etsbv.internal,10.1.64.246,02:16:3e:18:ae:df
rosa-john.etsbv.internal,server00404.etsbv.internal,10.38.240.185,02:16:3e:7a:71:a1
mack-chad.etsbv.internal,server00405.etsbv.internal,10.215.21.219,02:16:3e:0d:8e:6a
savage-robert.etsbv.internal,server00406.etsbv.internal,10.244.140.93,02:16:3e:7e:22:16
haynes-kevin.etsbv.internal,server00407.etsbv.internal,10.136.6.240,02:16:3e:32:97:be
urbanski-wilma.etsbv.internal,server00408.etsbv.internal,10.188.251.252,02:16:3e:26:0f:a1
wilson-helen.etsbv.internal,server00409.etsbv.internal,10.241.180.56,02:16:3e:35:98:0c
schultz-francisco.etsbv.internal,server00410.etsbv.internal,10.245.212.194,02:16:3e:64:2e:6c
aquino-connie.etsbv.internal,server00411.etsbv.internal,10.38.47.240,02:16:3e:24:1c:51
peralta-pamela.etsbv.internal,server00412.etsbv.internal,10.131.149.41,02:16:3e:3b:14:c6
luthy-pamela.etsbv.internal,server00413.etsbv.internal,10.130.248.192,02:16:3e:47:43:64
ivy-joseph.etsbv.internal,server00414.etsbv.internal,10.78.220.0,02:16:3e:4f:4f:3c
bills-candace.etsbv.internal,server00415.etsbv.internal,10.197.198.249,02:16:3e:7d:23:ec
mcclure-erin.etsbv.internal,server00416.etsbv.internal,10.173.120.122,02:16:3e:06:b0:62
johnson-willie.etsbv.internal,server00417.etsbv.internal,10.215.108.201,02:16:3e:0e:04:10
brockman-angela.etsbv.internal,server00418.etsbv.internal,10.253.188.228,02:16:3e:0b:5c:44
gamble-latoya.etsbv.internal,server00419.etsbv.internal,10.157.93.32,02:16:3e:15:cd:d6
whaley-ruby.etsbv.internal,server00420.etsbv.internal,10.49.44.205,02:16:3e:6f:01:c8
moore-connie.etsbv.internal,server00421.etsbv.internal,10.89.119.240,02:16:3e:37:e4:0f
santiago-robert.etsbv.internal,server00422.etsbv.internal,10.124.60.123,02:16:3e:3a:12:e5
brace-jessica.etsbv.internal,server00423.etsbv.internal,10.68.94.35,02:16:3e:10:b5:b2
keim-amanda.etsbv.internal,server00424.etsbv.internal,10.226.216.45,02:16:3e:31:bd:25
langlois-kristen.etsbv.internal,server00425.etsbv.internal,10.24.91.101,02:16:3e:2f:b6:66
walker-melvin.etsbv.internal,server00426.etsbv.internal,10.128.205.22,02:16:3e:05:b2:8f
antolin-juanita.etsbv.internal,server00427.etsbv.internal,10.38.184.85,02:16:3e:58:7a:4f
stickler-sarah.etsbv.internal,server00428.etsbv.internal,10.34.82.158,02:16:3e:7d:47:b6
steiner-robert.etsbv.internal,server00429.etsbv.internal,10.118.131.32,02:16:3e:00:a5:7c
schwab-kaley.etsbv.internal,server00430.etsbv.internal,10.104.108.217,02:16:3e:3d:bf:bf
gatewood-kristina.etsbv.internal,server00431.etsbv.internal,10.145.206.126,02:16:3e:2e:73:e8
jacobs-dorothy.etsbv.internal,server00432.etsbv.internal,10.77.184.233,02:16:3e:7b:bf:15
mcfarland-marie.etsbv.internal,server00433.etsbv.internal,10.196.96.172,02:16:3e:00:41:47
lopez-danielle.etsbv.internal,server00434.etsbv.internal,10.55.124.115,02:16:3e:40:6e:d1
lee-billy.etsbv.internal,server00435.etsbv.internal,10.197.115.59,02:16:3e:2e:c2:dc
dover-rick.etsbv.internal,server00436.etsbv.internal,10.96.46.28,02:16:3e:47:9a:67
oliveri-william.etsbv.internal,server00437.etsbv.internal,10.157.251.99,02:16:3e:6e:b4:7a
salisbury-william.etsbv.internal,server00438.etsbv.internal,10.70.223.37,02:16:3e:21:66:16
davis-pamela.etsbv.internal,server00439.etsbv.internal,10.57.253.157,02:16:3e:17:3c:89
neal-michael.etsbv.internal,server00440.etsbv.internal,10.235.215.19,02:16:3e:24:cd:f3
mclain-patricia.etsbv.internal,server00441.etsbv.internal,10.8.144.22,02:16:3e:35:d9:58
fulenwider-herbert.etsbv.internal,server00442.etsbv.internal,10.120.232.68,02:16:3e:21:6e:96
hill-kyle.etsbv.internal,server00443.etsbv.internal,10.170.200.196,02:16:3e:29:d5:f9
springer-gerald.etsbv.internal,server00444.etsbv.internal,10.16.110.158,02:16:3e:39:ad:f3
thomas-ronda.etsbv.internal,server00445.etsbv.internal,10.118.133.17,02:16:3e:75:28:b0
hudgens-nancy.etsbv.internal,server00446.etsbv.internal,10.242.53.14,02:16:3e:4a:15:a3
benefiel-gail.etsbv.internal,server00447.etsbv.internal,10.192.49.105,02:16:3e:62:6a:d6
fisher-todd.etsbv.internal,server00448.etsbv.internal,10.89.197.33,02:16:3e:52:93:49
martin-marty.etsbv.internal,server00449.etsbv.internal,10.103.0.121,02:16:3e:64:6b:1f
williams-mandy.etsbv.internal,server00450.etsbv.internal,10.182.205.48,02:16:3e:4e:dc:cd
cade-lisa.etsbv.internal,server00451.etsbv.internal,10.36.103.99,02:16:3e:79:df:13
cook-april.etsbv.internal,server00452.etsbv.internal,10.150.224.170,02:16:3e:33:6b:b6
rogers-vincent.etsbv.internal,server00453.etsbv.internal,10.77.141.12,02:16:3e:57:55:1d
weidner-don.etsbv.internal,server00454.etsbv.internal,10.9.173.114,02:16:3e:76:2a:60
brooks-julie.etsbv.internal,server00455.etsbv.internal,10.105.110.31,02:16:3e:5a:17:2a
custer-anita.etsbv.internal,server00456.etsbv.internal,10.152.143.125,02:16:3e:70:9c:b1
head-kathy.etsbv.internal,server00457.etsbv.internal,10.146.90.49,02:16:3e:71:74:9d
martin-howard.etsbv.internal,server00458.etsbv.internal,10.210.195.3,02:16:3e:4e:63:2a
moser-debra.etsbv.internal,server00459.etsbv.internal,10.186.184.214,02:16:3e:00:e8:d1
camacho-steven.etsbv.internal,server00460.etsbv.internal,10.238.59.238,02:16:3e:6d:d4:28
mattos-karen.etsbv.internal,server00461.etsbv.internal,10.62.210.131,02:16:3e:32:bf:23
tarasuik-damon.etsbv.internal,server00462.etsbv.internal,10.85.19.228,02:16:3e:20:c1:15
lajaunie-douglas.etsbv.internal,server00463.etsbv.internal,10.47.44.173,02:16:3e:51:56:0b
goldman-todd.etsbv.internal,server00464.etsbv.internal,10.90.10.144,02:16:3e:31:23:f6
collins-micheal.etsbv.internal,server00465.etsbv.internal,10.155.16.21,02:16:3e:7b:cd:8b
escareno-pat.etsbv.internal,server00466.etsbv.internal,10.183.43.252,02:16:3e:72:8d:27
anderson-shawna.etsbv.internal,server00467.etsbv.internal,10.66.165.192,02:16:3e:27:b5:cc
wilson-loren.etsbv.internal,server00468.etsbv.internal,10.26.216.124,02:16:3e:50:50:b7
akins-juliana.etsbv.internal,server00469.etsbv.internal,10.4.2.191,02:16:3e:76:d0:8c
kim-felipe.etsbv.internal,server00470.etsbv.internal,10.65.200.174,02:16:3e:0a:cc:67
lozano-junior.etsbv.internal,server00471.etsbv.internal,10.191.211.184,02:16:3e:66:8c:cf
goad-kari.etsbv.internal,server00472.etsbv.internal,10.184.131.170,02:16:3e:30:f2:9a
frazier-david.etsbv.internal,server00473.etsbv.internal,10.158.185.106,02:16:3e:5b:37:29
doan-nelson.etsbv.internal,server00474.etsbv.internal,10.215.146.109,02:16:3e:27:c7:18
woodruff-jonas.etsbv.internal,server00475.etsbv.internal,10.9.23.87,02:16:3e:78:a7:fd
farmer-dorothy.etsbv.internal,server00476.etsbv.internal,10.240.85.17,02:16:3e:49:11:90
diefenbach-frank.etsbv.internal,server00477.etsbv.internal,10.124.149.72,02:16:3e:3e:63:11
flores-emma.etsbv.internal,server00478.etsbv.internal,10.129.148.244,02:16:3e:7e:43:dc
perez-manuel.etsbv.internal,server00479.etsbv.internal,10.157.145.117,02:16:3e:5c:aa:81
bullard-jeanne.etsbv.internal,server00480.etsbv.internal,10.153.13.134,02:16:3e:79:ba:8c
richardson-eileen.etsbv.internal,server00481.etsbv.internal,10.175.147.232,02:16:3e:69:00:0c
anderson-trenton.etsbv.internal,server00482.etsbv.internal,10.56.228.135,02:16:3e:5b:15:09
hammack-geraldine.etsbv.internal,server00483.etsbv.internal,10.210.194.174,02:16:3e:12:b5:d4
timmins-edward.etsbv.internal,server00484.etsbv.internal,10.168.179.212,02:16:3e:20:9d:c7
monson-charles.etsbv.internal,server00485.etsbv.internal,10.129.11.230,02:16:3e:10:19:10
steinberg-harry.etsbv.internal,server00486.etsbv.internal,10.80.175.56,02:16:3e:37:ec:75
curcio-jodie.etsbv.internal,server00487.etsbv.internal,10.8.229.82,02:16:3e:29:07:ce
belk-gisele.etsbv.internal,server00488.etsbv.internal,10.53.254.29,02:16:3e:40:ef:3c
stout-samuel.etsbv.internal,server00489.etsbv.internal,10.95.124.46,02:16:3e:39:44:5c
cooper-allen.etsbv.internal,server00490.etsbv.internal,10.17.183.77,02:16:3e:02:b1:8b
corbin-troy.etsbv.internal,server00491.etsbv.internal,10.86.116.9,02:16:3e:6e:a5:b8
williams-freddie.etsbv.internal,server00492.etsbv.internal,10.20.227.118,02:16:3e:6d:fe:aa
martin-scott.etsbv.internal,server00493.etsbv.internal,10.144.227.145,02:16:3e:1d:06:34
rodriquez-jonathan.etsbv.internal,server00494.etsbv.internal,10.37.79.135,02:16:3e:5f:9a:5f
swanson-kathleen.etsbv.internal,server00495.etsbv.internal,10.165.28.27,02:16:3e:24:45:39
crowder-rosemarie.etsbv.internal,server00496.etsbv.internal,10.70.10.26,02:16:3e:76:a2:31
garcia-donna.etsbv.internal,server00497.etsbv.internal,10.76.44.51,02:16:3e:39:c4:49
anderson-joseph.etsbv.internal,server00498.etsbv.internal,10.29.120.214,02:16:3e:66:6a:df
estrada-william.etsbv.internal,server00499.etsbv.internal,10.81.63.224,02:16:3e:29:e9:d1
renner-brenda.etsbv.internal,server00500.etsbv.internal,10.188.43.99,02:16:3e:06:48:a2
spell-thelma.etsbv.internal,server00501.etsbv.internal,10.103.97.136,02:16:3e:46:8d:e5
warren-jay.etsbv.internal,server00502.etsbv.internal,10.128.175.37,02:16:3e:0a:d8:c7
seaton-michael.etsbv.internal,server00503.etsbv.internal,10.210.197.185,02:16:3e:5c:98:df
shippy-todd.etsbv.internal,server00504.etsbv.internal,10.154.129.18,02:16:3e:6e:19:60
chapman-harry.etsbv.internal,server00505.etsbv.internal,10.162.42.162,02:16:3e:58:33:70
neubauer-antonio.etsbv.internal,server00506.etsbv.internal,10.105.230.124,02:16:3e:53:39:df
avery-connie.etsbv.internal,server00507.etsbv.internal,10.78.9.15,02:16:3e:32:2b:90
ender-guillermo.etsbv.internal,server00508.etsbv.internal,10.147.250.187,02:16:3e:7a:c3:ad
knight-leon.etsbv.internal,server00509.etsbv.internal,10.118.7.32,02:16:3e:59:8a:44
weaver-amanda.etsbv.internal,server00510.etsbv.internal,10.58.131.223,02:16:3e:1f:4b:6d
chavez-joe.etsbv.internal,server00511.etsbv.internal,10.131.44.157,02:16:3e:26:0b:4d
hidalgo-jose.etsbv.internal,server00512.etsbv.internal,10.88.179.162,02:16:3e:1d:68:d4
nquyen-rebecca.etsbv.internal,server00513.etsbv.internal,10.0.0.8,02:16:3e:48:cb:e4
villarreal-rocky.etsbv.internal,server00514.etsbv.internal,10.139.160.106,02:16:3e:68:e5:2a
madsen-fern.etsbv.internal,server00515.etsbv.internal,10.215.113.27,02:16:3e:46:18:8b
sorel-joan.etsbv.internal,server00516.etsbv.internal,10.120.163.232,02:16:3e:77:d6:62
koehler-justin.etsbv.internal,server00517.etsbv.internal,10.130.225.164,02:16:3e:02:1f:5d
hudson-adele.etsbv.internal,server00518.etsbv.internal,10.103.90.226,02:16:3e:15:b9:3a
falconer-megan.etsbv.internal,server00519.etsbv.internal,10.83.202.127,02:16:3e:12:49:30
formella-charlie.etsbv.internal,server00520.etsbv.internal,10.194.207.180,02:16:3e:6e:1e:2b
byrd-bonnie.etsbv.internal,server00521.etsbv.internal,10.229.76.218,02:16:3e:08:11:23
davenport-wesley.etsbv.internal,server00522.etsbv.internal,10.178.182.88,02:16:3e:03:1c:e7
reitz-hazel.etsbv.internal,server00523.etsbv.internal,10.101.255.8,02:16:3e:1e:36:49
kelly-henry.etsbv.internal,server00524.etsbv.internal,10.170.26.57,02:16:3e:32:79:81
dewaard-stephanie.etsbv.internal,server00525.etsbv.internal,10.234.141.213,02:16:3e:72:72:fc
mcconnell-melissa.etsbv.internal,server00526.etsbv.internal,10.188.91.199,02:16:3e:07:88:99
deans-william.etsbv.internal,server00527.etsbv.internal,10.222.74.2,02:16:3e:27:19:d9
gavin-amanda.etsbv.internal,server00528.etsbv.internal,10.83.238.19,02:16:3e:09:98:98
strickland-bert.etsbv.internal,server00529.etsbv.internal,10.36.62.230,02:16:3e:78:81:00
rogers-gregory.etsbv.internal,server00530.etsbv.internal,10.107.57.14,02:16:3e:15:f6:f2
jett-eva.etsbv.internal,server00531.etsbv.internal,10.162.254.241,02:16:3e:11:36:0b
nordberg-jan.etsbv.internal,server00532.etsbv.internal,10.206.51.92,02:16:3e:07:92:b4
buchanan-wilfred.etsbv.internal,server00533.etsbv.internal,10.32.40.196,02:16:3e:4a:e0:4d
jimenez-mary.etsbv.internal,server00534.etsbv.internal,10.179.121.85,02:16:3e:27:3e:18
parr-james.etsbv.internal,server00535.etsbv.internal,10.142.7.173,02:16:3e:3e:aa:e7
armstrong-stuart.etsbv.internal,server00536.etsbv.internal,10.78.39.23,02:16:3e:23:4c:4c
ramsey-larry.etsbv.internal,server00537.etsbv.internal,10.40.13.125,02:16:3e:36:88:be
valcarcel-dorothy.etsbv.internal,server00538.etsbv.internal,10.31.107.221,02:16:3e:01:c0:ba
andrews-vicki.etsbv.internal,server00539.etsbv.internal,10.32.138.98,02:16:3e:0f:b0:ed
palomaki-roberta.etsbv.internal,server00540.etsbv.internal,10.73.214.96,02:16:3e:35:b0:ce
rosenbaum-wayne.etsbv.internal,server00541.etsbv.internal,10.193.1.36,02:16:3e:32:61:bd
wilson-kim.etsbv.internal,server00542.etsbv.internal,10.185.156.7,02:16:3e:42:47:10
dailey-kenneth.etsbv.internal,server00543.etsbv.internal,10.13.53.134,02:16:3e:13:07:b2
hagen-marlene.etsbv.internal,server00544.etsbv.internal,10.124.243.247,02:16:3e:7f:66:c7
sawyer-linda.etsbv.internal,server00545.etsbv.internal,10.160.234.238,02:16:3e:28:a9:ed
sanchez-estelle.etsbv.internal,server00546.etsbv.internal,10.89.35.6,02:16:3e:04:6a:e7
cook-jamie.etsbv.internal,server00547.etsbv.internal,10.48.25.126,02:16:3e:43:69:27
mcintosh-donna.etsbv.internal,server00548.etsbv.internal,10.170.134.47,02:16:3e:59:d9:a8
staton-alvin.etsbv.internal,server00549.etsbv.internal,10.152.109.140,02:16:3e:28:2d:05
jackson-thomas.etsbv.internal,server00550.etsbv.internal,10.110.247.76,02:16:3e:11:a4:12
tomas-heather.etsbv.internal,server00551.etsbv.internal,10.61.17.161,02:16:3e:4b:8e:21
tenney-terry.etsbv.internal,server00552.etsbv.internal,10.21.62.173,02:16:3e:1b:0c:ca
wilson-william.etsbv.internal,server00553.etsbv.internal,10.133.106.101,02:16:3e:37:3f:63
espinoza-charles.etsbv.internal,server00554.etsbv.internal,10.234.100.100,02:16:3e:4e:55:5d
crigler-alisa.etsbv.internal,server00555.etsbv.internal,10.233.33.222,02:16:3e:35:43:95
dubose-michael.etsbv.internal,server00556.etsbv.internal,10.192.80.108,02:16:3e:31:9f:f7
crawford-nancy.etsbv.internal,server00557.etsbv.internal,10.154.171.183,02:16:3e:1a:83:b9
bloomquist-jill.etsbv.internal,server00558.etsbv.internal,10.17.10.83,02:16:3e:38:e3:4d
patrick-tony.etsbv.internal,server00559.etsbv.internal,10.143.126.207,02:16:3e:17:4d:84
pettis-dennis.etsbv.internal,server00560.etsbv.internal,10.160.167.78,02:16:3e:69:91:a0
hale-barry.etsbv.internal,server00561.etsbv.internal,10.26.209.52,02:16:3e:0a:4d:5c
leclerc-kristen.etsbv.internal,server00562.etsbv.internal,10.61.57.211,02:16:3e:18:4c:43
long-freddie.etsbv.internal,server00563.etsbv.internal,10.227.114.75,02:16:3e:23:dd:d7
diaz-ernest.etsbv.internal,server00564.etsbv.internal,10.89.211.13,02:16:3e:62:88:cd
matthews-cynthia.etsbv.internal,server00565.etsbv.internal,10.64.208.99,02:16:3e:03:cf:c7
hall-mark.etsbv.internal,server00566.etsbv.internal,10.146.144.201,02:16:3e:16:5c:d2
gonzalez-julian.etsbv.internal,server00567.etsbv.internal,10.176.230.153,02:16:3e:30:04:48
dennis-anna.etsbv.internal,server00568.etsbv.internal,10.114.221.223,02:16:3e:35:87:a3
moss-sharon.etsbv.internal,server00569.etsbv.internal,10.9.16.162,02:16:3e:6d:e4:7a
eurich-goldie.etsbv.internal,server00570.etsbv.internal,10.255.137.106,02:16:3e:72:dc:74
lineberry-lillian.etsbv.internal,server00571.etsbv.internal,10.241.44.156,02:16:3e:2a:36:80
kanter-francis.etsbv.internal,server00572.etsbv.internal,10.202.109.21,02:16:3e:6c:e1:39
stickler-debra.etsbv.internal,server00573.etsbv.internal,10.79.73.172,02:16:3e:50:44:78
johnson-zachary.etsbv.internal,server00574.etsbv.internal,10.118.240.255,02:16:3e:36:d7:10
thomason-felicia.etsbv.internal,server00575.etsbv.internal,10.172.199.104,02:16:3e:3d:93:d9
volesky-scott.etsbv.internal,server00576.etsbv.internal,10.82.32.218,02:16:3e:1d:57:fd
mclean-margaret.etsbv.internal,server00577.etsbv.internal,10.206.77.233,02:16:3e:43:b1:6e
hammond-norman.etsbv.internal,server00578.etsbv.internal,10.45.247.32,02:16:3e:3a:80:7f
wright-frank.etsbv.internal,server00579.etsbv.internal,10.88.231.112,02:16:3e:1a:8a:bd
mclean-leota.etsbv.internal,server00580.etsbv.internal,10.58.124.45,02:16:3e:64:49:e5
price-kim.etsbv.internal,server00581.etsbv.internal,10.195.223.23,02:16:3e:61:b3:eb
mak-ruth.etsbv.internal,server00582.etsbv.internal,10.203.41.18,02:16:3e:4d:b4:71
hammonds-linda.etsbv.internal,server00583.etsbv.internal,10.60.36.170,02:16:3e:65:3c:6e
thomson-robert.etsbv.internal,server00584.etsbv.internal,10.81.212.179,02:16:3e:35:ae:28
corbett-keith.etsbv.internal,server00585.etsbv.internal,10.128.75.106,02:16:3e:63:a9:be
robertson-sarah.etsbv.internal,server00586.etsbv.internal,10.19.41.162,02:16:3e:2c:ff:d0
hurtubise-taylor.etsbv.internal,server00587.etsbv.internal,10.65.170.138,02:16:3e:7d:a8:d4
jones-tony.etsbv.internal,server00588.etsbv.internal,10.47.167.144,02:16:3e:15:20:98
faison-celia.etsbv.internal,server00589.etsbv.internal,10.164.190.217,02:16:3e:1a:ad:ef
martinez-janelle.etsbv.internal,server00590.etsbv.internal,10.179.85.51,02:16:3e:17:28:5e
brandenberger-anthony.etsbv.internal,server00591.etsbv.internal,10.149.145.68,02:16:3e:35:9a:19
wallace-david.etsbv.internal,server00592.etsbv.internal,10.42.119.55,02:16:3e:78:86:ea
robertshaw-willie.etsbv.internal,server00593.etsbv.internal,10.19.144.15,02:16:3e:4b:72:79
landa-mary.etsbv.internal,server00594.etsbv.internal,10.40.25.196,02:16:3e:49:85:19
scott-guadalupe.etsbv.internal,server00595.etsbv.internal,10.221.252.230,02:16:3e:4f:e3:48
wrede-gerald.etsbv.internal,server00596.etsbv.internal,10.159.5.92,02:16:3e:5b:e0:f9
nance-chester.etsbv.internal,server00597.etsbv.internal,10.214.53.48,02:16:3e:0e:e1:0c
webb-felice.etsbv.internal,server00598.etsbv.internal,10.238.134.110,02:16:3e:5e:7e:c8
harrigan-henry.etsbv.internal,server00599.etsbv.internal,10.48.162.66,02:16:3e:1b:4f:a1
collins-mary.etsbv.internal,server00600.etsbv.internal,10.119.116.191,02:16:3e:0e:93:ee
erickson-arthur.etsbv.internal,server00601.etsbv.internal,10.121.43.45,02:16:3e:7c:c7:42
cobb-travis.etsbv.internal,server00602.etsbv.internal,10.223.53.213,02:16:3e:5c:6c:19
oconnor-lyle.etsbv.internal,server00603.etsbv.internal,10.185.81.224,02:16:3e:35:7e:7b
mclaughlin-alicia.etsbv.internal,server00604.etsbv.internal,10.69.82.39,02:16:3e:27:9b:07
wipf-eileen.etsbv.internal,server00605.etsbv.internal,10.44.193.131,02:16:3e:3d:bd:84
ray-aubrey.etsbv.internal,server00606.etsbv.internal,10.127.131.83,02:16:3e:25:fa:a0
green-pam.etsbv.internal,server00607.etsbv.internal,10.49.144.4,02:16:3e:36:bb:de
mcduffie-andrew.etsbv.internal,server00608.etsbv.internal,10.164.241.22,02:16:3e:12:1e:f6
israel-lana.etsbv.internal,server00609.etsbv.internal,10.146.148.229,02:16:3e:2c:0f:d7
hudspeth-lauri.etsbv.internal,server00610.etsbv.internal,10.218.116.183,02:16:3e:4f:7d:db
radloff-david.etsbv.internal,server00611.etsbv.internal,10.16.7.96,02:16:3e:15:2f:d1
ketchum-amy.etsbv.internal,server00612.etsbv.internal,10.12.160.102,02:16:3e:3d:54:43
kemp-angela.etsbv.internal,server00613.etsbv.internal,10.113.139.35,02:16:3e:11:04:26
simmons-robert.etsbv.internal,server00614.etsbv.internal,10.113.26.12,02:16:3e:11:3e:62
abramson-ashlee.etsbv.internal,server00615.etsbv.internal,10.171.135.158,02:16:3e:75:e9:8c
thomas-linda.etsbv.internal,server00616.etsbv.internal,10.197.230.51,02:16:3e:01:11:fd
petersen-yolanda.etsbv.internal,server00617.etsbv.internal,10.59.71.27,02:16:3e:73:8b:c8
sapp-phillip.etsbv.internal,server00618.etsbv.internal,10.232.121.17,02:16:3e:4e:4b:e0
hurlock-bryan.etsbv.internal,server00619.etsbv.internal,10.84.129.139,02:16:3e:3d:20:9b
twigg-eric.etsbv.internal,server00620.etsbv.internal,10.123.223.71,02:16:3e:58:ce:93
perez-clifford.etsbv.internal,server00621.etsbv.internal,10.104.173.149,02:16:3e:48:41:8f
munoz-leticia.etsbv.internal,server00622.etsbv.internal,10.204.152.106,02:16:3e:4d:76:5d
schriner-barbara.etsbv.internal,server00623.etsbv.internal,10.21.35.62,02:16:3e:47:d7:33
bennett-kara.etsbv.internal,server00624.etsbv.internal,10.151.172.25,02:16:3e:41:c1:4b
mayville-adam.etsbv.internal,server00625.etsbv.internal,10.217.13.153,02:16:3e:76:34:de
miller-tiffany.etsbv.internal,server00626.etsbv.internal,10.69.118.42,02:16:3e:4b:e5:12
reynolds-max.etsbv.internal,server00627.etsbv.internal,10.55.76.118,02:16:3e:47:77:86
penney-dennis.etsbv.internal,server00628.etsbv.internal,10.164.130.248,02:16:3e:56:26:b0
staples-darcy.etsbv.internal,server00629.etsbv.internal,10.233.198.40,02:16:3e:2a:e2:26
callaway-mary.etsbv.internal,server00630.etsbv.internal,10.229.220.58,02:16:3e:0b:f3:1f
pena-edward.etsbv.internal,server00631.etsbv.internal,10.31.192.133,02:16:3e:2a:74:2b
walser-james.etsbv.internal,server00632.etsbv.internal,10.233.210.187,02:16:3e:29:73:d1
shockley-jason.etsbv.internal,server00633.etsbv.internal,10.171.187.170,02:16:3e:6d:11:f4
hutchins-joseph.etsbv.internal,server00634.etsbv.internal,10.10.116.127,02:16:3e:24:4e:88
hutchison-luis.etsbv.internal,server00635.etsbv.internal,10.122.117.71,02:16:3e:53:cd:61
isaac-joseph.etsbv.internal,server00636.etsbv.internal,10.165.200.7,02:16:3e:22:f8:80
gentges-tena.etsbv.internal,server00637.etsbv.internal,10.213.0.179,02:16:3e:3b:4a:f6
miller-nathan.etsbv.internal,server00638.etsbv.internal,10.41.94.210,02:16:3e:51:0a:c9
brown-debra.etsbv.internal,server00639.etsbv.internal,10.178.153.104,02:16:3e:5a:95:14
middleton-tracy.etsbv.internal,server00640.etsbv.internal,10.94.45.198,02:16:3e:1f:31:8e
velasco-teresa.etsbv.internal,server00641.etsbv.internal,10.213.75.199,02:16:3e:7d:fc:ad
kessler-melba.etsbv.internal,server00642.etsbv.internal,10.48.132.47,02:16:3e:75:88:09
bader-angela.etsbv.internal,server00643.etsbv.internal,10.208.213.156,02:16:3e:26:72:22
snead-elizabeth.etsbv.internal,server00644.etsbv.internal,10.80.37.202,02:16:3e:37:92:5f
harris-joseph.etsbv.internal,server00645.etsbv.internal,10.211.221.237,02:16:3e:23:05:c5
fields-william.etsbv.internal,server00646.etsbv.internal,10.208.116.20,02:16:3e:61:ef:73
johnson-carol.etsbv.internal,server00647.etsbv.internal,10.161.247.40,02:16:3e:7e:a2:72
armstrong-james.etsbv.internal,server00648.etsbv.internal,10.4.59.183,02:16:3e:61:d6:8b
bustamante-christopher.etsbv.internal,server00649.etsbv.internal,10.239.10.57,02:16:3e:54:65:f8
perry-deborah.etsbv.internal,server00650.etsbv.internal,10.228.38.83,02:16:3e:7f:ff:a5
munden-juan.etsbv.internal,server00651.etsbv.internal,10.217.161.96,02:16:3e:0d:13:54
james-cindy.etsbv.internal,server00652.etsbv.internal,10.10.181.39,02:16:3e:1a:76:54
arnold-deborah.etsbv.internal,server00653.etsbv.internal,10.244.191.107,02:16:3e:5f:63:27
blair-virginia.etsbv.internal,server00654.etsbv.internal,10.210.159.80,02:16:3e:06:09:c4
sinclair-julie.etsbv.internal,server00655.etsbv.internal,10.71.62.76,02:16:3e:1e:8a:7a
jennings-richard.etsbv.internal,server00656.etsbv.internal,10.29.100.41,02:16:3e:70:64:68
miller-lillie.etsbv.internal,server00657.etsbv.internal,10.252.144.58,02:16:3e:74:58:b1
hung-heather.etsbv.internal,server00658.etsbv.internal,10.141.148.20,02:16:3e:38:a2:3d
macareno-lisa.etsbv.internal,server00659.etsbv.internal,10.203.173.19,02:16:3e:15:ee:97
orozco-kimberly.etsbv.internal,server00660.etsbv.internal,10.28.218.253,02:16:3e:0d:2e:3a
paredes-barbara.etsbv.internal,server00661.etsbv.internal,10.43.64.136,02:16:3e:45:02:79
johnson-shirley.etsbv.internal,server00662.etsbv.internal,10.108.29.152,02:16:3e:3c:94:c6
underwood-margaret.etsbv.internal,server00663.etsbv.internal,10.166.42.48,02:16:3e:68:54:05
griffin-emily.etsbv.internal,server00664.etsbv.internal,10.32.194.79,02:16:3e:4e:ed:d9
clayton-patty.etsbv.internal,server00665.etsbv.internal,10.104.156.33,02:16:3e:3a:b6:1f
sutherland-kathleen.etsbv.internal,server00666.etsbv.internal,10.87.220.157,02:16:3e:38:24:d9
daly-marion.etsbv.internal,server00667.etsbv.internal,10.97.64.178,02:16:3e:7c:8e:76
chow-sara.etsbv.internal,server00668.etsbv.internal,10.88.137.78,02:16:3e:55:50:32
hjort-mattie.etsbv.internal,server00669.etsbv.internal,10.178.161.61,02:16:3e:12:bb:b4
jordan-bruce.etsbv.internal,server00670.etsbv.internal,10.236.33.53,02:16:3e:3c:08:e6
vasquez-james.etsbv.internal,server00671.etsbv.internal,10.242.61.251,02:16:3e:43:ba:b6
clarke-barbara.etsbv.internal,server00672.etsbv.internal,10.128.82.204,02:16:3e:6e:d4:a5
presha-antoinette.etsbv.internal,server00673.etsbv.internal,10.225.111.239,02:16:3e:6a:c9:b5
smith-jason.etsbv.internal,server00674.etsbv.internal,10.55.219.213,02:16:3e:04:2e:59
sears-brooke.etsbv.internal,server00675.etsbv.internal,10.230.18.61,02:16:3e:50:03:9c
broadus-dixie.etsbv.internal,server00676.etsbv.internal,10.209.43.173,02:16:3e:0c:3e:5a
jones-mary.etsbv.internal,server00677.etsbv.internal,10.91.242.2,02:16:3e:10:d2:96
dunmore-ellis.etsbv.internal,server00678.etsbv.internal,10.86.74.49,02:16:3e:7c:40:c5
vaughan-sam.etsbv.internal,server00679.etsbv.internal,10.111.43.124,02:16:3e:14:b0:f6
gomes-lucinda.etsbv.internal,server00680.etsbv.internal,10.91.57.185,02:16:3e:1f:9c:58
winslow-april.etsbv.internal,server00681.etsbv.internal,10.170.172.6,02:16:3e:4b:69:74
sweet-adam.etsbv.internal,server00682.etsbv.internal,10.237.89.125,02:16:3e:05:ed:8b
johnson-mallie.etsbv.internal,server00683.etsbv.internal,10.197.200.37,02:16:3e:08:2d:b2
sullivan-miesha.etsbv.internal,server00684.etsbv.internal,10.218.125.7,02:16:3e:37:84:a8
collier-robert.etsbv.internal,server00685.etsbv.internal,10.207.214.32,02:16:3e:42:67:f1
battle-trina.etsbv.internal,server00686.etsbv.internal,10.5.95.118,02:16:3e:1d:1d:60
dimas-douglas.etsbv.internal,server00687.etsbv.internal,10.32.61.80,02:16:3e:56:c5:d0
davila-tammy.etsbv.internal,server00688.etsbv.internal,10.163.110.229,02:16:3e:59:4e:50
johnson-jose.etsbv.internal,server00689.etsbv.internal,10.39.43.19,02:16:3e:5b:67:38
legore-alice.etsbv.internal,server00690.etsbv.internal,10.61.226.76,02:16:3e:75:49:08
robertson-john.etsbv.internal,server00691.etsbv.internal,10.18.224.173,02:16:3e:68:72:4e
schoenfeld-christine.etsbv.internal,server00692.etsbv.internal,10.115.127.47,02:16:3e:53:23:a8
salinas-mark.etsbv.internal,server00693.etsbv.internal,10.204.197.135,02:16:3e:64:72:6a
tran-rosemarie.etsbv.internal,server00694.etsbv.internal,10.53.68.205,02:16:3e:7e:03:66
kujawa-michael.etsbv.internal,server00695.etsbv.internal,10.121.58.84,02:16:3e:73:51:33
laperouse-teresa.etsbv.internal,server00696.etsbv.internal,10.193.112.100,02:16:3e:5d:62:29
young-brian.etsbv.internal,server00697.etsbv.internal,10.160.178.85,02:16:3e:1b:a1:05
hill-colin.etsbv.internal,server00698.etsbv.internal,10.250.183.140,02:16:3e:60:26:76
higgins-james.etsbv.internal,server00699.etsbv.internal,10.205.250.116,02:16:3e:18:70:13
vazquez-lauren.etsbv.internal,server00700.etsbv.internal,10.44.227.163,02:16:3e:65:19:5f
deramus-kyle.etsbv.internal,server00701.etsbv.internal,10.113.198.100,02:16:3e:33:40:e3
solano-sharon.etsbv.internal,server00702.etsbv.internal,10.227.165.251,02:16:3e:65:74:ba
fenstermaker-pauline.etsbv.internal,server00703.etsbv.internal,10.212.86.143,02:16:3e:77:b2:03
tavano-james.etsbv.internal,server00704.etsbv.internal,10.225.108.72,02:16:3e:6f:4f:e7
houston-ralph.etsbv.internal,server00705.etsbv.internal,10.102.96.160,02:16:3e:30:1d:6d
burns-robert.etsbv.internal,server00706.etsbv.internal,10.14.254.218,02:16:3e:58:4b:b9
hoggatt-ashley.etsbv.internal,server00707.etsbv.internal,10.7.186.222,02:16:3e:16:77:27
coleman-megan.etsbv.internal,server00708.etsbv.internal,10.17.25.248,02:16:3e:7c:d6:81
coleman-paul.etsbv.internal,server00709.etsbv.internal,10.123.2.57,02:16:3e:43:0f:fe
kelly-joyce.etsbv.internal,server00710.etsbv.internal,10.180.154.151,02:16:3e:41:4c:31
smith-ernestina.etsbv.internal,server00711.etsbv.internal,10.104.226.204,02:16:3e:2a:ee:24
hess-cleo.etsbv.internal,server00712.etsbv.internal,10.188.162.235,02:16:3e:5c:f7:69
menefield-joshua.etsbv.internal,server00713.etsbv.internal,10.17.125.159,02:16:3e:74:10:3e
luna-douglas.etsbv.internal,server00714.etsbv.internal,10.125.32.53,02:16:3e:6e:a2:fd
fisher-gale.etsbv.internal,server00715.etsbv.internal,10.67.16.11,02:16:3e:14:90:c5
hawkins-ted.etsbv.internal,server00716.etsbv.internal,10.253.140.148,02:16:3e:03:d0:dc
cook-jack.etsbv.internal,server00717.etsbv.internal,10.18.217.174,02:16:3e:0f:a3:5d
harris-susan.etsbv.internal,server00718.etsbv.internal,10.113.109.137,02:16:3e:34:9d:84
sharp-ronald.etsbv.internal,server00719.etsbv.internal,10.175.219.19,02:16:3e:14:2e:41
lawton-george.etsbv.internal,server00720.etsbv.internal,10.120.166.63,02:16:3e:29:02:8e
young-jeffrey.etsbv.internal,server00721.etsbv.internal,10.161.43.181,02:16:3e:4a:b8:66
medford-robert.etsbv.internal,server00722.etsbv.internal,10.37.92.67,02:16:3e:69:a3:c7
chancey-sue.etsbv.internal,server00723.etsbv.internal,10.96.104.8,02:16:3e:5e:a5:3f
sales-eric.etsbv.internal,server00724.etsbv.internal,10.71.184.68,02:16:3e:0a:34:4a
erlandson-kelly.etsbv.internal,server00725.etsbv.internal,10.42.134.10,02:16:3e:51:6d:bf
gilbert-david.etsbv.internal,server00726.etsbv.internal,10.249.242.98,02:16:3e:06:13:2c
carnillo-rudolph.etsbv.internal,server00727.etsbv.internal,10.156.137.232,02:16:3e:4e:c9:09
waddell-casey.etsbv.internal,server00728.etsbv.internal,10.91.95.116,02:16:3e:42:9d:2d
underdown-david.etsbv.internal,server00729.etsbv.internal,10.94.79.170,02:16:3e:61:b0:18
knower-jonathan.etsbv.internal,server00730.etsbv.internal,10.133.90.155,02:16:3e:3d:87:4f
shannon-rubin.etsbv.internal,server00731.etsbv.internal,10.211.243.62,02:16:3e:15:c2:40
warner-marshall.etsbv.internal,server00732.etsbv.internal,10.146.188.39,02:16:3e:05:de:71
torres-henry.etsbv.internal,server00733.etsbv.internal,10.89.83.133,02:16:3e:78:cd:3f
bradley-aaron.etsbv.internal,server00734.etsbv.internal,10.3.18.109,02:16:3e:59:ab:a5
troyer-sherry.etsbv.internal,server00735.etsbv.internal,10.133.219.68,02:16:3e:2d:3a:d0
reese-daisey.etsbv.internal,server00736.etsbv.internal,10.109.230.234,02:16:3e:74:aa:ec
pelletier-bruce.etsbv.internal,server00737.etsbv.internal,10.55.57.188,02:16:3e:34:e0:d1
morris-jason.etsbv.internal,server00738.etsbv.internal,10.205.63.248,02:16:3e:69:61:1c
mckain-paul.etsbv.internal,server00739.etsbv.internal,10.136.154.188,02:16:3e:0d:10:51
lopez-anna.etsbv.internal,server00740.etsbv.internal,10.143.5.96,02:16:3e:35:91:5e
bailey-george.etsbv.internal,server00741.etsbv.internal,10.128.47.233,02:16:3e:29:e8:83
musso-lan.etsbv.internal,server00742.etsbv.internal,10.199.156.77,02:16:3e:3d:c4:2d
lane-marilyn.etsbv.internal,server00743.etsbv.internal,10.40.165.89,02:16:3e:1f:48:5e
konwinski-april.etsbv.internal,server00744.etsbv.internal,10.247.157.248,02:16:3e:40:9c:b4
suggett-teri.etsbv.internal,server00745.etsbv.internal,10.229.46.201,02:16:3e:1b:06:07
simmons-angelica.etsbv.internal,server00746.etsbv.internal,10.53.31.142,02:16:3e:56:98:64
hostetler-kenneth.etsbv.internal,server00747.etsbv.internal,10.12.224.230,02:16:3e:38:7a:61
sumner-elbert.etsbv.internal,server00748.etsbv.internal,10.197.39.133,02:16:3e:26:46:8d
schiller-jennifer.etsbv.internal,server00749.etsbv.internal,10.131.46.156,02:16:3e:72:52:30
nelson-roger.etsbv.internal,server00750.etsbv.internal,10.192.83.126,02:16:3e:62:d9:8d
ogle-larry.etsbv.internal,server00751.etsbv.internal,10.82.154.29,02:16:3e:00:2f:c5
carter-jennifer.etsbv.internal,server00752.etsbv.internal,10.51.215.78,02:16:3e:2f:5a:59
pellett-valerie.etsbv.internal,server00753.etsbv.internal,10.125.205.50,02:16:3e:53:8c:83
bird-debra.etsbv.internal,server00754.etsbv.internal,10.147.161.21,02:16:3e:5d:18:3b
rackley-larry.etsbv.internal,server00755.etsbv.internal,10.176.42.139,02:16:3e:72:f4:22
walton-melissa.etsbv.internal,server00756.etsbv.internal,10.72.71.164,02:16:3e:16:32:74
baker-terry.etsbv.internal,server00757.etsbv.internal,10.42.35.159,02:16:3e:40:ce:3d
barga-alta.etsbv.internal,server00758.etsbv.internal,10.32.173.130,02:16:3e:33:51:ea
montes-jennifer.etsbv.internal,server00759.etsbv.internal,10.193.153.53,02:16:3e:48:03:97
ratz-jonathan.etsbv.internal,server00760.etsbv.internal,10.145.163.246,02:16:3e:4e:85:d8
holley-peter.etsbv.internal,server00761.etsbv.internal,10.153.133.97,02:16:3e:16:53:56
birkey-steve.etsbv.internal,server00762.etsbv.internal,10.76.122.95,02:16:3e:2a:89:1b
pyles-barbara.etsbv.internal,server00763.etsbv.internal,10.76.143.138,02:16:3e:5a:74:4d
blanchard-lori.etsbv.internal,server00764.etsbv.internal,10.100.157.211,02:16:3e:3c:f8:74
oliver-ronald.etsbv.internal,server00765.etsbv.internal,10.201.110.13,02:16:3e:45:b5:75
aguilar-robert.etsbv.internal,server00766.etsbv.internal,10.106.24.104,02:16:3e:4d:72:d4
fox-gordon.etsbv.internal,server00767.etsbv.internal,10.185.146.11,02:16:3e:03:07:1f
jensen-noah.etsbv.internal,server00768.etsbv.internal,10.169.233.102,02:16:3e:76:b7:45
hobden-steven.etsbv.internal,server00769.etsbv.internal,10.37.10.251,02:16:3e:7c:b6:f2
horowitz-robert.etsbv.internal,server00770.etsbv.internal,10.131.244.105,02:16:3e:5c:5f:ab
labrecque-jeffery.etsbv.internal,server00771.etsbv.internal,10.89.197.129,02:16:3e:68:7b:fe
joe-felix.etsbv.internal,server00772.etsbv.internal,10.90.160.202,02:16:3e:02:c7:bb
phillips-catherine.etsbv.internal,server00773.etsbv.internal,10.143.214.241,02:16:3e:5c:06:d5
pearce-jane.etsbv.internal,server00774.etsbv.internal,10.122.155.161,02:16:3e:2f:0f:08
waterman-mary.etsbv.internal,server00775.etsbv.internal,10.207.38.210,02:16:3e:0a:da:40
price-thomas.etsbv.internal,server00776.etsbv.internal,10.64.183.135,02:16:3e:03:38:0a
ledford-john.etsbv.internal,server00777.etsbv.internal,10.108.137.59,02:16:3e:35:fc:6b
balderrama-roger.etsbv.internal,server00778.etsbv.internal,10.112.173.93,02:16:3e:5f:68:ca
moncayo-barbara.etsbv.internal,server00779.etsbv.internal,10.102.249.244,02:16:3e:4e:a8:1e
macias-gregory.etsbv.internal,server00780.etsbv.internal,10.204.211.119,02:16:3e:45:bc:12
humphreys-luke.etsbv.internal,server00781.etsbv.internal,10.209.224.64,02:16:3e:44:b0:80
russo-terrance.etsbv.internal,server00782.etsbv.internal,10.170.71.188,02:16:3e:6f:03:1e
tiedeman-carrol.etsbv.internal,server00783.etsbv.internal,10.70.117.23,02:16:3e:12:35:ef
delacerda-paul.etsbv.internal,server00784.etsbv.internal,10.91.209.235,02:16:3e:39:3e:88
horton-mary.etsbv.internal,server00785.etsbv.internal,10.50.150.15,02:16:3e:3a:e5:5a
hubbard-dennis.etsbv.internal,server00786.etsbv.internal,10.73.69.15,02:16:3e:5a:d6:27
vannest-jenny.etsbv.internal,server00787.etsbv.internal,10.207.54.223,02:16:3e:42:c1:82
britton-carolina.etsbv.internal,server00788.etsbv.internal,10.141.179.233,02:16:3e:10:e7:c5
diaz-tony.etsbv.internal,server00789.etsbv.internal,10.26.14.101,02:16:3e:69:f6:54
merrifield-annie.etsbv.internal,server00790.etsbv.internal,10.211.127.198,02:16:3e:7d:9c:58
silversmith-joseph.etsbv.internal,server00791.etsbv.internal,10.202.168.45,02:16:3e:18:74:98
mckenzie-jo.etsbv.internal,server00792.etsbv.internal,10.220.202.134,02:16:3e:01:08:42
thompson-thomas.etsbv.internal,server00793.etsbv.internal,10.164.206.107,02:16:3e:2e:18:40
ochoa-ronnie.etsbv.internal,server00794.etsbv.internal,10.21.228.127,02:16:3e:03:20:e0
jett-felix.etsbv.internal,server00795.etsbv.internal,10.1.114.78,02:16:3e:7b:03:c4
rimbey-harry.etsbv.internal,server00796.etsbv.internal,10.227.132.44,02:16:3e:42:19:52
lowe-traci.etsbv.internal,server00797.etsbv.internal,10.4.15.236,02:16:3e:27:97:13
schaffer-roy.etsbv.internal,server00798.etsbv.internal,10.20.193.122,02:16:3e:08:00:f0
carney-francisco.etsbv.internal,server00799.etsbv.internal,10.85.129.174,02:16:3e:3a:af:4c
ashburn-randolph.etsbv.internal,server00800.etsbv.internal,10.164.150.59,02:16:3e:64:dc:81
wheeler-judy.etsbv.internal,server00801.etsbv.internal,10.22.103.228,02:16:3e:11:d2:09
mendiola-susan.etsbv.internal,server00802.etsbv.internal,10.187.172.1,02:16:3e:0f:ae:bf
schuttler-david.etsbv.internal,server00803.etsbv.internal,10.193.231.175,02:16:3e:46:86:40
difonzo-elizabeth.etsbv.internal,server00804.etsbv.internal,10.220.181.0,02:16:3e:14:e0:f5
lord-john.etsbv.internal,server00805.etsbv.internal,10.73.70.155,02:16:3e:42:a7:68
topps-nicholas.etsbv.internal,server00806.etsbv.internal,10.149.29.181,02:16:3e:56:78:59
miller-rebecca.etsbv.internal,server00807.etsbv.internal,10.67.213.87,02:16:3e:5c:fd:75
hall-marie.etsbv.internal,server00808.etsbv.internal,10.215.103.223,02:16:3e:1e:f0:4e
mcguire-joseph.etsbv.internal,server00809.etsbv.internal,10.33.69.215,02:16:3e:51:86:8a
birkland-joseph.etsbv.internal,server00810.etsbv.internal,10.147.150.253,02:16:3e:4e:8c:c3
bazan-ronald.etsbv.internal,server00811.etsbv.internal,10.82.17.68,02:16:3e:1c:ea:1c
russell-stephanie.etsbv.internal,server00812.etsbv.internal,10.254.201.54,02:16:3e:7a:c5:85
bonner-lina.etsbv.internal,server00813.etsbv.internal,10.90.142.148,02:16:3e:2f:a6:e4
lusk-judy.etsbv.internal,server00814.etsbv.internal,10.125.205.88,02:16:3e:4d:fe:4d
hardy-philip.etsbv.internal,server00815.etsbv.internal,10.37.58.168,02:16:3e:3c:93:c5
lusk-tonita.etsbv.internal,server00816.etsbv.internal,10.45.235.207,02:16:3e:04:15:40
guy-jaymie.etsbv.internal,server00817.etsbv.internal,10.59.230.143,02:16:3e:28:f5:1d
garrison-naomi.etsbv.internal,server00818.etsbv.internal,10.20.124.211,02:16:3e:21:9c:93
vincent-sean.etsbv.internal,server00819.etsbv.internal,10.62.203.105,02:16:3e:30:95:9c
bays-jerry.etsbv.internal,server00820.etsbv.internal,10.188.164.154,02:16:3e:63:77:86
labelle-robert.etsbv.internal,server00821.etsbv.internal,10.227.180.178,02:16:3e:25:36:a5
alaniz-michael.etsbv.internal,server00822.etsbv.internal,10.10.200.36,02:16:3e:11:bb:99
strong-ernest.etsbv.internal,server00823.etsbv.internal,10.17.165.30,02:16:3e:0d:a1:9a
lebrecque-peter.etsbv.internal,server00824.etsbv.internal,10.26.198.166,02:16:3e:0d:13:ca
caldwell-karen.etsbv.internal,server00825.etsbv.internal,10.137.29.136,02:16:3e:07:a2:2e
perkins-kelly.etsbv.internal,server00826.etsbv.internal,10.136.78.149,02:16:3e:07:e3:93
byrne-teresa.etsbv.internal,server00827.etsbv.internal,10.119.192.83,02:16:3e:45:77:aa
colson-lucina.etsbv.internal,server00828.etsbv.internal,10.215.167.179,02:16:3e:08:ba:6d
landry-rudolph.etsbv.internal,server00829.etsbv.internal,10.37.145.248,02:16:3e:10:5c:4a
rice-rod.etsbv.internal,server00830.etsbv.internal,10.96.170.239,02:16:3e:0b:df:7b
boyd-jason.etsbv.internal,server00831.etsbv.internal,10.127.27.38,02:16:3e:74:a2:3e
beavers-carolyn.etsbv.internal,server00832.etsbv.internal,10.194.182.134,02:16:3e:06:3c:e0
solis-catherine.etsbv.internal,server00833.etsbv.internal,10.83.209.235,02:16:3e:57:4d:77
gillam-jessica.etsbv.internal,server00834.etsbv.internal,10.162.167.244,02:16:3e:41:91:17
yarbrough-george.etsbv.internal,server00835.etsbv.internal,10.136.16.52,02:16:3e:0a:d8:c3
pelosi-richard.etsbv.internal,server00836.etsbv.internal,10.110.51.118,02:16:3e:23:b2:94
martin-barry.etsbv.internal,server00837.etsbv.internal,10.222.23.66,02:16:3e:1f:ee:4a
sykes-herbert.etsbv.internal,server00838.etsbv.internal,10.153.145.99,02:16:3e:7d:6c:39
jimenez-roberta.etsbv.internal,server00839.etsbv.internal,10.21.60.171,02:16:3e:23:df:5a
simpson-christopher.etsbv.internal,server00840.etsbv.internal,10.244.203.206,02:16:3e:1b:c3:5b
dinger-walter.etsbv.internal,server00841.etsbv.internal,10.95.22.52,02:16:3e:16:42:b3
seelbach-todd.etsbv.internal,server00842.etsbv.internal,10.66.207.158,02:16:3e:0e:1a:b2
deguire-norma.etsbv.internal,server00843.etsbv.internal,10.198.8.201,02:16:3e:7a:9d:39
mckinnon-robert.etsbv.internal,server00844.etsbv.internal,10.97.159.38,02:16:3e:54:49:f1
shields-mary.etsbv.internal,server00845.etsbv.internal,10.190.219.0,02:16:3e:74:33:91
baxter-bob.etsbv.internal,server00846.etsbv.internal,10.159.112.79,02:16:3e:30:05:27
egbert-allena.etsbv.internal,server00847.etsbv.internal,10.102.254.70,02:16:3e:2c:3f:bb
perez-joann.etsbv.internal,server00848.etsbv.internal,10.45.15.99,02:16:3e:22:90:8c
garcia-shawn.etsbv.internal,server00849.etsbv.internal,10.159.133.248,02:16:3e:50:ae:68
price-jennifer.etsbv.internal,server00850.etsbv.internal,10.43.6.119,02:16:3e:3c:7c:26
russell-nilda.etsbv.internal,server00851.etsbv.internal,10.128.136.114,02:16:3e:32:13:f0
dunkle-tammie.etsbv.internal,server00852.etsbv.internal,10.63.113.182,02:16:3e:7d:97:ca
stewart-richard.etsbv.internal,server00853.etsbv.internal,10.111.149.200,02:16:3e:50:70:62
croyle-jefferson.etsbv.internal,server00854.etsbv.internal,10.200.236.188,02:16:3e:6e:3b:5c
ahmad-walter.etsbv.internal,server00855.etsbv.internal,10.171.29.148,02:16:3e:7f:02:cb
carrier-shelby.etsbv.internal,server00856.etsbv.internal,10.224.131.157,02:16:3e:5a:02:c1
liebert-katrina.etsbv.internal,server00857.etsbv.internal,10.44.162.3,02:16:3e:7b:4e:00
funk-katrina.etsbv.internal,server00858.etsbv.internal,10.40.151.121,02:16:3e:40:cb:55
nahass-david.etsbv.internal,server00859.etsbv.internal,10.16.245.82,02:16:3e:3d:02:98
hall-nikki.etsbv.internal,server00860.etsbv.internal,10.225.245.162,02:16:3e:07:b8:e1
gildea-cynthia.etsbv.internal,server00861.etsbv.internal,10.151.49.210,02:16:3e:43:77:de
rivera-luisa.etsbv.internal,server00862.etsbv.internal,10.228.31.85,02:16:3e:3b:3d:03
coleman-alexandra.etsbv.internal,server00863.etsbv.internal,10.166.60.127,02:16:3e:33:f3:4f
echols-mary.etsbv.internal,server00864.etsbv.internal,10.157.121.148,02:16:3e:47:4f:e7
parker-herbert.etsbv.internal,server00865.etsbv.internal,10.101.66.227,02:16:3e:50:66:bb
dubose-david.etsbv.internal,server00866.etsbv.internal,10.119.235.180,02:16:3e:12:3c:3b
follansbee-cynthia.etsbv.internal,server00867.etsbv.internal,10.155.224.238,02:16:3e:6f:61:33
brown-richard.etsbv.internal,server00868.etsbv.internal,10.99.178.120,02:16:3e:08:05:97
snowden-terrence.etsbv.internal,server00869.etsbv.internal,10.170.94.175,02:16:3e:3e:de:39
aitken-dorothy.etsbv.internal,server00870.etsbv.internal,10.58.229.125,02:16:3e:7a:7c:8c
barth-timothy.etsbv.internal,server00871.etsbv.internal,10.221.89.162,02:16:3e:5a:8c:69
visick-russell.etsbv.internal,server00872.etsbv.internal,10.174.240.253,02:16:3e:48:f5:a4
caldwell-david.etsbv.internal,server00873.etsbv.internal,10.2.151.41,02:16:3e:54:b9:7f
newman-richard.etsbv.internal,server00874.etsbv.internal,10.228.217.174,02:16:3e:74:8d:0a
barlow-james.etsbv.internal,server00875.etsbv.internal,10.176.253.23,02:16:3e:4b:e7:4c
collins-kimberly.etsbv.internal,server00876.etsbv.internal,10.106.131.215,02:16:3e:50:21:1f
ornellas-elizabeth.etsbv.internal,server00877.etsbv.internal,10.39.93.9,02:16:3e:40:25:7f
hamel-susanna.etsbv.internal,server00878.etsbv.internal,10.117.220.122,02:16:3e:6e:11:6d
maclean-william.etsbv.internal,server00879.etsbv.internal,10.149.218.126,02:16:3e:0f:4c:a2
buster-joe.etsbv.internal,server00880.etsbv.internal,10.26.7.187,02:16:3e:33:2d:0b
nobel-thomas.etsbv.internal,server00881.etsbv.internal,10.4.34.124,02:16:3e:63:21:04
ahern-larry.etsbv.internal,server00882.etsbv.internal,10.10.134.39,02:16:3e:3a:d7:dc
oglesby-roxanna.etsbv.internal,server00883.etsbv.internal,10.11.151.181,02:16:3e:2a:04:df
cummings-imogene.etsbv.internal,server00884.etsbv.internal,10.37.154.238,02:16:3e:03:70:f0
mcclure-michael.etsbv.internal,server00885.etsbv.internal,10.254.174.31,02:16:3e:74:b6:64
edes-wayne.etsbv.internal,server00886.etsbv.internal,10.11.255.237,02:16:3e:3b:6b:5e
jansen-lois.etsbv.internal,server00887.etsbv.internal,10.188.199.27,02:16:3e:30:df:8d
olivera-richard.etsbv.internal,server00888.etsbv.internal,10.38.37.185,02:16:3e:69:84:01
rodriguez-everett.etsbv.internal,server00889.etsbv.internal,10.230.167.207,02:16:3e:3a:69:52
sammons-foster.etsbv.internal,server00890.etsbv.internal,10.240.175.175,02:16:3e:73:2f:78
hammond-kenneth.etsbv.internal,server00891.etsbv.internal,10.222.152.156,02:16:3e:34:ff:2b
bryant-rosetta.etsbv.internal,server00892.etsbv.internal,10.69.29.228,02:16:3e:17:85:1e
hughey-anita.etsbv.internal,server00893.etsbv.internal,10.86.152.203,02:16:3e:59:13:89
gibson-william.etsbv.internal,server00894.etsbv.internal,10.221.105.180,02:16:3e:56:e7:ae
lefeber-margaret.etsbv.internal,server00895.etsbv.internal,10.99.11.40,02:16:3e:60:c1:71
quick-caitlin.etsbv.internal,server00896.etsbv.internal,10.125.165.21,02:16:3e:62:7e:f3
mcchriston-jeff.etsbv.internal,server00897.etsbv.internal,10.169.65.82,02:16:3e:14:6a:38
grier-gloria.etsbv.internal,server00898.etsbv.internal,10.68.50.42,02:16:3e:54:a6:51
thorpe-cassandra.etsbv.internal,server00899.etsbv.internal,10.4.184.62,02:16:3e:12:60:a6
hearn-william.etsbv.internal,server00900.etsbv.internal,10.74.239.80,02:16:3e:7b:42:4a
pew-karl.etsbv.internal,server00901.etsbv.internal,10.149.230.212,02:16:3e:38:a2:88
grow-daniel.etsbv.internal,server00902.etsbv.internal,10.95.131.238,02:16:3e:69:ee:f8
marczak-michelle.etsbv.internal,server00903.etsbv.internal,10.154.57.156,02:16:3e:6e:58:53
mendes-joy.etsbv.internal,server00904.etsbv.internal,10.182.82.5,02:16:3e:50:8c:55
johnson-rhonda.etsbv.internal,server00905.etsbv.internal,10.230.114.223,02:16:3e:3f:f9:05
smith-eileen.etsbv.internal,server00906.etsbv.internal,10.12.36.212,02:16:3e:52:be:e7
mann-christopher.etsbv.internal,server00907.etsbv.internal,10.65.168.179,02:16:3e:16:09:8d
richardson-leora.etsbv.internal,server00908.etsbv.internal,10.95.51.195,02:16:3e:1b:a2:30
joseph-otis.etsbv.internal,server00909.etsbv.internal,10.167.128.184,02:16:3e:03:e4:f8
davidson-troy.etsbv.internal,server00910.etsbv.internal,10.175.196.27,02:16:3e:6a:69:d8
bigelow-mary.etsbv.internal,server00911.etsbv.internal,10.186.211.116,02:16:3e:3e:5d:cc
rowe-thomas.etsbv.internal,server00912.etsbv.internal,10.188.170.69,02:16:3e:23:41:85
dunnings-lorene.etsbv.internal,server00913.etsbv.internal,10.180.212.49,02:16:3e:3e:88:86
reeves-peter.etsbv.internal,server00914.etsbv.internal,10.2.26.15,02:16:3e:05:f5:1b
guerrero-clara.etsbv.internal,server00915.etsbv.internal,10.172.228.148,02:16:3e:24:60:f4
gunter-eric.etsbv.internal,server00916.etsbv.internal,10.71.28.50,02:16:3e:0c:8c:d1
mccoy-lauren.etsbv.internal,server00917.etsbv.internal,10.165.208.220,02:16:3e:18:80:73
lewis-mary.etsbv.internal,server00918.etsbv.internal,10.122.139.180,02:16:3e:50:82:10
huges-heidi.etsbv.internal,server00919.etsbv.internal,10.226.21.104,02:16:3e:6f:22:29
rose-joseph.etsbv.internal,server00920.etsbv.internal,10.190.96.1,02:16:3e:4f:07:74
harshbarger-teresa.etsbv.internal,server00921.etsbv.internal,10.209.133.102,02:16:3e:7b:f6:6a
hatfield-juan.etsbv.internal,server00922.etsbv.internal,10.161.13.188,02:16:3e:5b:25:47
duval-roland.etsbv.internal,server00923.etsbv.internal,10.237.225.165,02:16:3e:64:0d:9a
mininger-harriet.etsbv.internal,server00924.etsbv.internal,10.162.120.193,02:16:3e:14:87:42
gaines-tracy.etsbv.internal,server00925.etsbv.internal,10.75.166.67,02:16:3e:17:4e:55
lingerfelt-carol.etsbv.internal,server00926.etsbv.internal,10.132.63.224,02:16:3e:6e:ed:36
smith-russell.etsbv.internal,server00927.etsbv.internal,10.41.10.74,02:16:3e:59:dd:f1
walker-karen.etsbv.internal,server00928.etsbv.internal,10.157.83.189,02:16:3e:27:9e:c1
mcgee-randy.etsbv.internal,server00929.etsbv.internal,10.216.10.203,02:16:3e:64:bc:bd
richmond-joy.etsbv.internal,server00930.etsbv.internal,10.157.167.78,02:16:3e:59:59:d2
centini-juanita.etsbv.internal,server00931.etsbv.internal,10.73.43.224,02:16:3e:77:1c:41
chaparro-kevin.etsbv.internal,server00932.etsbv.internal,10.248.99.69,02:16:3e:22:22:32
martin-bart.etsbv.internal,server00933.etsbv.internal,10.224.228.253,02:16:3e:21:10:6a
glenn-ronnie.etsbv.internal,server00934.etsbv.internal,10.68.181.85,02:16:3e:4b:6f:66
foster-willie.etsbv.internal,server00935.etsbv.internal,10.162.143.98,02:16:3e:7f:2c:1f
guzman-myron.etsbv.internal,server00936.etsbv.internal,10.222.9.149,02:16:3e:17:f7:a0
frazier-jennifer.etsbv.internal,server00937.etsbv.internal,10.10.128.33,02:16:3e:3d:ca:88
zeringue-norman.etsbv.internal,server00938.etsbv.internal,10.92.83.204,02:16:3e:48:ce:3d
chiapetti-jung.etsbv.internal,server00939.etsbv.internal,10.92.121.111,02:16:3e:1e:ff:1a
floyd-stephen.etsbv.internal,server00940.etsbv.internal,10.131.12.78,02:16:3e:43:01:f3
bennett-michelle.etsbv.internal,server00941.etsbv.internal,10.6.221.141,02:16:3e:71:c7:18
cali-maureen.etsbv.internal,server00942.etsbv.internal,10.114.223.50,02:16:3e:09:05:99
torres-dennis.etsbv.internal,server00943.etsbv.internal,10.223.247.207,02:16:3e:1b:8c:81
pierson-amanda.etsbv.internal,server00944.etsbv.internal,10.103.145.132,02:16:3e:5b:be:20
belknap-tommy.etsbv.internal,server00945.etsbv.internal,10.44.230.254,02:16:3e:21:96:ff
williams-alan.etsbv.internal,server00946.etsbv.internal,10.149.47.242,02:16:3e:11:66:f1
dudley-allen.etsbv.internal,server00947.etsbv.internal,10.217.106.71,02:16:3e:1e:49:95
barnard-loren.etsbv.internal,server00948.etsbv.internal,10.149.37.104,02:16:3e:68:3d:cd
warren-matthew.etsbv.internal,server00949.etsbv.internal,10.116.251.170,02:16:3e:41:eb:8d
absher-salvatore.etsbv.internal,server00950.etsbv.internal,10.13.19.16,02:16:3e:35:91:4a
larios-bertie.etsbv.internal,server00951.etsbv.internal,10.5.127.130,02:16:3e:6b:b2:75
mignot-regine.etsbv.internal,server00952.etsbv.internal,10.145.139.154,02:16:3e:4b:df:d4
kenny-nancy.etsbv.internal,server00953.etsbv.internal,10.29.74.250,02:16:3e:4e:39:5f
lacount-nancy.etsbv.internal,server00954.etsbv.internal,10.57.38.56,02:16:3e:1c:ea:ce
bush-emily.etsbv.internal,server00955.etsbv.internal,10.234.81.64,02:16:3e:63:db:b7
duhon-janay.etsbv.internal,server00956.etsbv.internal,10.33.59.160,02:16:3e:7c:67:d4
demik-jessie.etsbv.internal,server00957.etsbv.internal,10.217.120.31,02:16:3e:33:24:da
hancock-maryann.etsbv.internal,server00958.etsbv.internal,10.152.197.5,02:16:3e:59:c1:9a
davis-rigoberto.etsbv.internal,server00959.etsbv.internal,10.198.254.188,02:16:3e:32:09:59
martin-patrick.etsbv.internal,server00960.etsbv.internal,10.104.3.97,02:16:3e:57:81:93
brawner-helen.etsbv.internal,server00961.etsbv.internal,10.1.162.25,02:16:3e:75:02:c6
walters-robert.etsbv.internal,server00962.etsbv.internal,10.110.97.94,02:16:3e:04:38:93
price-john.etsbv.internal,server00963.etsbv.internal,10.171.61.29,02:16:3e:31:55:cb
cleveland-anna.etsbv.internal,server00964.etsbv.internal,10.199.177.232,02:16:3e:49:7c:ce
osullivan-jose.etsbv.internal,server00965.etsbv.internal,10.102.244.193,02:16:3e:30:21:bd
clapper-seth.etsbv.internal,server00966.etsbv.internal,10.209.177.86,02:16:3e:60:8a:da
vanschoick-brian.etsbv.internal,server00967.etsbv.internal,10.121.188.252,02:16:3e:33:20:fb
farner-dale.etsbv.internal,server00968.etsbv.internal,10.237.45.205,02:16:3e:20:cd:51
haggerty-julie.etsbv.internal,server00969.etsbv.internal,10.78.68.74,02:16:3e:56:61:e3
miceli-jack.etsbv.internal,server00970.etsbv.internal,10.35.171.244,02:16:3e:36:65:cd
studdard-stuart.etsbv.internal,server00971.etsbv.internal,10.85.68.45,02:16:3e:47:d3:34
turner-sheryl.etsbv.internal,server00972.etsbv.internal,10.22.235.141,02:16:3e:20:50:2a
denker-flavia.etsbv.internal,server00973.etsbv.internal,10.108.211.52,02:16:3e:07:e4:90
wallen-helen.etsbv.internal,server00974.etsbv.internal,10.248.17.201,02:16:3e:66:59:f9
king-george.etsbv.internal,server00975.etsbv.internal,10.127.174.228,02:16:3e:30:29:a3
ramirez-richard.etsbv.internal,server00976.etsbv.internal,10.205.134.138,02:16:3e:1d:14:2e
florence-reginald.etsbv.internal,server00977.etsbv.internal,10.146.188.163,02:16:3e:6e:aa:3c
bray-michael.etsbv.internal,server00978.etsbv.internal,10.49.231.135,02:16:3e:18:bc:33
meilleur-michael.etsbv.internal,server00979.etsbv.internal,10.136.221.59,02:16:3e:31:7c:16
early-douglas.etsbv.internal,server00980.etsbv.internal,10.210.106.41,02:16:3e:71:8e:b4
sarris-melvin.etsbv.internal,server00981.etsbv.internal,10.127.15.95,02:16:3e:76:70:f1
beckman-jeremy.etsbv.internal,server00982.etsbv.internal,10.43.153.142,02:16:3e:0d:f6:4f
jacobsen-guy.etsbv.internal,server00983.etsbv.internal,10.28.242.154,02:16:3e:62:4f:17
wells-ann.etsbv.internal,server00984.etsbv.internal,10.136.91.92,02:16:3e:71:78:22
walraven-robert.etsbv.internal,server00985.etsbv.internal,10.158.226.219,02:16:3e:1c:b1:88
anderson-earl.etsbv.internal,server00986.etsbv.internal,10.115.143.49,02:16:3e:3e:da:c0
hayes-peter.etsbv.internal,server00987.etsbv.internal,10.120.62.87,02:16:3e:72:be:49
ramsour-danita.etsbv.internal,server00988.etsbv.internal,10.1.230.243,02:16:3e:50:88:0c
williams-florence.etsbv.internal,server00989.etsbv.internal,10.161.57.89,02:16:3e:6a:06:65
mateus-mary.etsbv.internal,server00990.etsbv.internal,10.5.80.225,02:16:3e:14:f3:52
nickisch-bill.etsbv.internal,server00991.etsbv.internal,10.162.221.216,02:16:3e:6d:9c:25
quesada-bessie.etsbv.internal,server00992.etsbv.internal,10.173.44.96,02:16:3e:0b:d1:33
hout-sandra.etsbv.internal,server00993.etsbv.internal,10.96.165.69,02:16:3e:07:56:3e
wolff-christopher.etsbv.internal,server00994.etsbv.internal,10.144.1.131,02:16:3e:70:26:14
brown-carole.etsbv.internal,server00995.etsbv.internal,10.78.191.85,02:16:3e:08:62:52
sanchez-matthew.etsbv.internal,server00996.etsbv.internal,10.52.212.0,02:16:3e:04:0d:31
rave-belen.etsbv.internal,server00997.etsbv.internal,10.85.109.157,02:16:3e:23:9c:c2
kirker-david.etsbv.internal,server00998.etsbv.internal,10.6.15.248,02:16:3e:15:9c:f7
barton-donna.etsbv.internal,server00999.etsbv.internal,10.40.216.6,02:16:3e:5f:ab:19
